Sentence #,Word,POS,Tag
Sentence: 1,It,0,O
,happened,0,O
,that,0,O
,a,0,O
,Fisher,0,B-per
,",",0,O
,after,0,O
,fishing,0,O
,all,0,O
,day,0,O
,",",0,O
,caught,0,O
,only,0,O
,a,0,O
,little,0,O
,fish,0,B-per
,.,0,O
Sentence: 2,“,0,O
,Pray,0,O
,",",0,O
,let,0,O
,me,0,O
,go,0,O
,",",0,O
,master,0,O
,",",0,O
,”,0,O
,said,0,O
,the,0,O
,Fish,0,B-per
,.,0,O
Sentence: 3,“,0,O
,I,0,O
,am,0,O
,much,0,O
,too,0,O
,small,0,O
,for,0,O
,your,0,O
,eating,0,O
,just,0,O
,now,0,O
,.,0,O
Sentence: 4,If,0,O
,you,0,O
,put,0,O
,me,0,O
,back,0,O
,into,0,O
,the,0,O
,river,0,O
,I,0,O
,shall,0,O
,soon,0,O
,grow,0,O
,",",0,O
,then,0,O
,you,0,O
,can,0,O
,make,0,O
,a,0,O
,fine,0,O
,meal,0,O
,off,0,O
,me.,0,O
,”,0,O
,“,0,O
,Nay,0,O
,",",0,O
,nay,0,O
,",",0,O
,my,0,O
,little,0,O
,Fish,0,B-per
,",",0,O
,”,0,O
,said,0,O
,the,0,O
,Fisher,0,B-per
,",",0,O
,“,0,O
,I,0,O
,have,0,O
,you,0,O
,now,0,O
,.,0,O
Sentence: 5,I,0,O
,may,0,O
,not,0,O
,catch,0,O
,you,0,O
,hereafter.,0,O
,”,0,O
,A,0,O
,little,0,O
,thing,0,O
,in,0,O
,hand,0,O
,is,0,O
,worth,0,O
,more,0,O
,than,0,O
,a,0,O
,great,0,O
,thing,0,O
,in,0,O
,prospect,0,O
,.,0,O
Sentence: 1,A,0,O
,Horse,0,B-per
,and,0,O
,an,0,O
,Ass,0,B-per
,were,0,O
,travelling,0,O
,together,0,O
,",",0,O
,the,0,O
,Horse,0,B-per
,prancing,0,O
,along,0,O
,in,0,O
,its,0,O
,fine,0,O
,trappings,0,O
,",",0,O
,the,0,O
,Ass,0,B-per
,carrying,0,O
,with,0,O
,difficulty,0,O
,the,0,O
,heavy,0,O
,weight,0,O
,in,0,O
,its,0,O
,panniers,0,O
,.,0,O
Sentence: 2,“,0,O
,I,0,O
,wish,0,O
,I,0,O
,were,0,O
,you,0,O
,",",0,O
,”,0,O
,sighed,0,O
,the,0,O
,Ass,0,B-per
,;,0,O
,“,0,O
,nothing,0,O
,to,0,O
,do,0,O
,and,0,O
,well,0,O
,fed,0,O
,",",0,O
,and,0,O
,all,0,O
,that,0,O
,fine,0,O
,harness,0,O
,upon,0,O
,you.,0,O
,”,0,O
,Next,0,O
,day,0,O
,",",0,O
,however,0,O
,",",0,O
,there,0,O
,was,0,O
,a,0,O
,great,0,O
,battle,0,O
,",",0,O
,and,0,O
,the,0,O
,Horse,0,B-per
,was,0,O
,wounded,0,O
,to,0,O
,death,0,O
,in,0,O
,the,0,O
,final,0,O
,charge,0,O
,of,0,O
,the,0,O
,day,0,O
,.,0,O
Sentence: 3,His,0,O
,friend,0,O
,",",0,O
,the,0,O
,Ass,0,B-per
,",",0,O
,happened,0,O
,to,0,O
,pass,0,O
,by,0,O
,shortly,0,O
,afterwards,0,O
,and,0,O
,found,0,O
,him,0,O
,on,0,O
,the,0,O
,point,0,O
,of,0,O
,death,0,O
,.,0,O
Sentence: 4,“,0,O
,I,0,O
,was,0,O
,wrong,0,O
,",",0,O
,”,0,O
,said,0,O
,the,0,O
,Ass,0,B-per
,:,0,O
,“,0,O
,Better,0,O
,humble,0,O
,security,0,O
,than,0,O
,gilded,0,O
,danger,0,O
,.,0,O
,”,0,O
Sentence: 1,A,0,O
,great,0,O
,conflict,0,O
,was,0,O
,about,0,O
,to,0,O
,come,0,O
,off,0,O
,between,0,O
,the,0,O
,Birds,0,B-per
,and,0,O
,the,0,O
,Beasts,0,B-per
,.,0,O
Sentence: 2,When,0,O
,the,0,O
,two,0,O
,armies,0,O
,were,0,O
,collected,0,O
,together,0,O
,the,0,O
,Bat,0,B-per
,hesitated,0,O
,which,0,O
,to,0,O
,join,0,O
,.,0,O
Sentence: 3,The,0,O
,Birds,0,B-per
,that,0,O
,passed,0,O
,his,0,O
,perch,0,O
,said,0,O
,:,0,O
,“,0,O
,Come,0,O
,with,0,O
,us,0,O
,”,0,O
,;,0,O
,but,0,O
,he,0,O
,said,0,O
,:,0,O
,“,0,O
,I,0,O
,am,0,O
,a,0,O
,Beast.,0,O
,”,0,O
,Later,0,O
,on,0,O
,",",0,O
,some,0,O
,Beasts,0,B-per
,who,0,O
,were,0,O
,passing,0,O
,underneath,0,O
,him,0,O
,looked,0,O
,up,0,O
,and,0,O
,said,0,O
,:,0,O
,“,0,O
,Come,0,O
,with,0,O
,us,0,O
,”,0,O
,;,0,O
,but,0,O
,he,0,O
,said,0,O
,:,0,O
,“,0,O
,I,0,O
,am,0,O
,a,0,O
,Bird.,0,O
,”,0,O
,Luckily,0,O
,at,0,O
,the,0,O
,last,0,O
,moment,0,O
,peace,0,O
,was,0,O
,made,0,O
,",",0,O
,and,0,O
,no,0,O
,battle,0,O
,took,0,O
,place,0,O
,",",0,O
,so,0,O
,the,0,O
,Bat,0,B-per
,came,0,O
,to,0,O
,the,0,O
,Birds,0,B-per
,and,0,O
,wished,0,O
,to,0,O
,join,0,O
,in,0,O
,the,0,O
,rejoicings,0,O
,",",0,O
,but,0,O
,they,0,O
,all,0,O
,turned,0,O
,against,0,O
,him,0,O
,and,0,O
,he,0,O
,had,0,O
,to,0,O
,fly,0,O
,away,0,O
,.,0,O
Sentence: 4,He,0,O
,then,0,O
,went,0,O
,to,0,O
,the,0,O
,Beasts,0,B-per
,",",0,O
,but,0,O
,soon,0,O
,had,0,O
,to,0,O
,beat,0,O
,a,0,O
,retreat,0,O
,",",0,O
,or,0,O
,else,0,O
,they,0,O
,would,0,O
,have,0,O
,torn,0,O
,him,0,O
,to,0,O
,pieces,0,O
,.,0,O
Sentence: 5,“,0,O
,Ah,0,O
,",",0,O
,”,0,O
,said,0,O
,the,0,O
,Bat,0,B-per
,",",0,O
,“,0,O
,I,0,O
,see,0,O
,now,0,O
,",",0,O
,“,0,O
,He,0,O
,that,0,O
,is,0,O
,neither,0,O
,one,0,O
,thing,0,O
,nor,0,O
,the,0,O
,other,0,O
,has,0,O
,no,0,O
,friends,0,O
,.,0,O
,”,0,O
Sentence: 1,The,0,O
,Hare,0,B-per
,was,0,O
,once,0,O
,boasting,0,O
,of,0,O
,his,0,O
,speed,0,O
,before,0,O
,the,0,O
,other,0,O
,animals,0,O
,.,0,O
Sentence: 2,“,0,O
,I,0,O
,have,0,O
,never,0,O
,yet,0,O
,been,0,O
,beaten,0,O
,",",0,O
,”,0,O
,said,0,O
,he,0,O
,",",0,O
,“,0,O
,when,0,O
,I,0,O
,put,0,O
,forth,0,O
,my,0,O
,full,0,O
,speed,0,O
,.,0,O
Sentence: 3,I,0,O
,challenge,0,O
,any,0,O
,one,0,O
,here,0,O
,to,0,O
,race,0,O
,with,0,O
,me.,0,O
,”,0,O
,The,0,O
,Tortoise,0,B-per
,said,0,O
,quietly,0,O
,",",0,O
,“,0,O
,I,0,O
,accept,0,O
,your,0,O
,challenge.,0,O
,”,0,O
,“,0,O
,That,0,O
,is,0,O
,a,0,O
,good,0,O
,joke,0,O
,",",0,O
,”,0,O
,said,0,O
,the,0,O
,Hare,0,B-per
,;,0,O
,“,0,O
,I,0,O
,could,0,O
,dance,0,O
,round,0,O
,you,0,O
,all,0,O
,the,0,O
,way.,0,O
,”,0,O
,“,0,O
,Keep,0,O
,your,0,O
,boasting,0,O
,till,0,O
,you,0,O
,’,0,O
,ve,0,O
,beaten,0,O
,",",0,O
,”,0,O
,answered,0,O
,the,0,O
,Tortoise,0,B-per
,.,0,O
Sentence: 4,“,0,O
,Shall,0,O
,we,0,O
,race,0,O
,?,0,O
,”,0,O
,So,0,O
,a,0,O
,course,0,O
,was,0,O
,fixed,0,O
,and,0,O
,a,0,O
,start,0,O
,was,0,O
,made,0,O
,.,0,O
Sentence: 5,The,0,O
,Hare,0,B-per
,darted,0,O
,almost,0,O
,out,0,O
,of,0,O
,sight,0,O
,at,0,O
,once,0,O
,",",0,O
,but,0,O
,soon,0,O
,stopped,0,O
,and,0,O
,",",0,O
,to,0,O
,show,0,O
,his,0,O
,contempt,0,O
,for,0,O
,the,0,O
,Tortoise,0,B-per
,",",0,O
,lay,0,O
,down,0,O
,to,0,O
,have,0,O
,a,0,O
,nap,0,O
,.,0,O
Sentence: 6,The,0,O
,Tortoise,0,B-per
,plodded,0,O
,on,0,O
,and,0,O
,plodded,0,O
,on,0,O
,",",0,O
,and,0,O
,when,0,O
,the,0,O
,Hare,0,B-per
,awoke,0,O
,from,0,O
,his,0,O
,nap,0,O
,",",0,O
,he,0,O
,saw,0,O
,the,0,O
,Tortoise,0,B-per
,just,0,O
,near,0,O
,the,0,O
,winning-post,0,O
,and,0,O
,could,0,O
,not,0,O
,run,0,O
,up,0,O
,in,0,O
,time,0,O
,to,0,O
,save,0,O
,the,0,O
,race,0,O
,.,0,O
Sentence: 7,Then,0,O
,said,0,O
,the,0,O
,Tortoise,0,B-per
,:,0,O
,“,0,O
,Plodding,0,O
,wins,0,O
,the,0,O
,race,0,O
,.,0,O
,”,0,O
Sentence: 1,A,0,O
,Fox,0,B-per
,after,0,O
,crossing,0,O
,a,0,O
,river,0,O
,got,0,O
,its,0,O
,tail,0,O
,entangled,0,O
,in,0,O
,a,0,O
,bush,0,O
,",",0,O
,and,0,O
,could,0,O
,not,0,O
,move,0,O
,.,0,O
Sentence: 2,A,0,O
,number,0,O
,of,0,O
,Mosquitoes,0,B-per
,seeing,0,O
,its,0,O
,plight,0,O
,settled,0,O
,upon,0,O
,it,0,O
,and,0,O
,enjoyed,0,O
,a,0,O
,good,0,O
,meal,0,O
,undisturbed,0,O
,by,0,O
,its,0,O
,tail,0,O
,.,0,O
Sentence: 3,A,0,O
,hedgehog,0,B-per
,strolling,0,O
,by,0,O
,took,0,O
,pity,0,O
,upon,0,O
,the,0,O
,Fox,0,B-per
,and,0,O
,went,0,O
,up,0,O
,to,0,O
,him,0,O
,:,0,O
,“,0,O
,You,0,O
,are,0,O
,in,0,O
,a,0,O
,bad,0,O
,way,0,O
,",",0,O
,neighbour,0,O
,",",0,O
,”,0,O
,said,0,O
,the,0,O
,hedgehog,0,B-per
,;,0,O
,“,0,O
,shall,0,O
,I,0,O
,relieve,0,O
,you,0,O
,by,0,O
,driving,0,O
,off,0,O
,those,0,O
,Mosquitoes,0,B-per
,who,0,O
,are,0,O
,sucking,0,O
,your,0,O
,blood,0,O
,?,0,O
,”,0,O
,“,0,O
,Thank,0,O
,you,0,O
,",",0,O
,Master,0,O
,Hedgehog,0,B-per
,",",0,O
,”,0,O
,said,0,O
,the,0,O
,Fox,0,B-per
,",",0,O
,“,0,O
,but,0,O
,I,0,O
,would,0,O
,rather,0,O
,not.,0,O
,”,0,O
,“,0,O
,Why,0,O
,",",0,O
,how,0,O
,is,0,O
,that,0,O
,?,0,O
,”,0,O
,asked,0,O
,the,0,O
,hedgehog,0,B-per
,.,0,O
Sentence: 4,“,0,O
,Well,0,O
,",",0,O
,you,0,O
,see,0,O
,",",0,O
,”,0,O
,was,0,O
,the,0,O
,answer,0,O
,",",0,O
,“,0,O
,these,0,O
,Mosquitoes,0,B-per
,have,0,O
,had,0,O
,their,0,O
,fill,0,O
,;,0,O
,if,0,O
,you,0,O
,drive,0,O
,these,0,O
,away,0,O
,",",0,O
,others,0,O
,will,0,O
,come,0,O
,with,0,O
,fresh,0,O
,appetite,0,O
,and,0,O
,bleed,0,O
,me,0,O
,to,0,O
,death,0,O
,.,0,O
,”,0,O
Sentence: 1,A,0,O
,slave,0,O
,named,0,O
,Androcles,0,B-per
,once,0,O
,escaped,0,O
,from,0,O
,his,0,O
,master,0,O
,and,0,O
,fled,0,O
,to,0,O
,the,0,O
,forest,0,O
,.,0,O
Sentence: 2,As,0,O
,he,0,O
,was,0,O
,wandering,0,O
,about,0,O
,there,0,O
,he,0,O
,came,0,O
,upon,0,O
,a,0,O
,Lion,0,B-per
,lying,0,O
,down,0,O
,moaning,0,O
,and,0,O
,groaning,0,O
,.,0,O
Sentence: 3,At,0,O
,first,0,O
,he,0,O
,turned,0,O
,to,0,O
,flee,0,O
,",",0,O
,but,0,O
,finding,0,O
,that,0,O
,the,0,O
,Lion,0,B-per
,did,0,O
,not,0,O
,pursue,0,O
,him,0,O
,",",0,O
,he,0,O
,turned,0,O
,back,0,O
,and,0,O
,went,0,O
,up,0,O
,to,0,O
,him,0,O
,.,0,O
Sentence: 4,As,0,O
,he,0,O
,came,0,O
,near,0,O
,",",0,O
,the,0,O
,Lion,0,B-per
,put,0,O
,out,0,O
,his,0,O
,paw,0,O
,",",0,O
,which,0,O
,was,0,O
,all,0,O
,swollen,0,O
,and,0,O
,bleeding,0,O
,",",0,O
,and,0,O
,Androcles,0,B-per
,found,0,O
,that,0,O
,a,0,O
,huge,0,O
,thorn,0,O
,had,0,O
,got,0,O
,into,0,O
,it,0,O
,",",0,O
,and,0,O
,was,0,O
,causing,0,O
,all,0,O
,the,0,O
,pain,0,O
,.,0,O
Sentence: 5,He,0,O
,pulled,0,O
,out,0,O
,the,0,O
,thorn,0,O
,and,0,O
,bound,0,O
,up,0,O
,the,0,O
,paw,0,O
,of,0,O
,the,0,O
,Lion,0,B-per
,",",0,O
,who,0,O
,was,0,O
,soon,0,O
,able,0,O
,to,0,O
,rise,0,O
,and,0,O
,lick,0,O
,the,0,O
,hand,0,O
,of,0,O
,Androcles,0,B-per
,like,0,O
,a,0,O
,dog,0,O
,.,0,O
Sentence: 6,Then,0,O
,the,0,O
,Lion,0,B-per
,took,0,O
,Androcles,0,B-per
,to,0,O
,his,0,O
,cave,0,O
,",",0,O
,and,0,O
,every,0,O
,day,0,O
,used,0,O
,to,0,O
,bring,0,O
,him,0,O
,meat,0,O
,from,0,O
,which,0,O
,to,0,O
,live,0,O
,.,0,O
Sentence: 7,But,0,O
,shortly,0,O
,afterwards,0,O
,both,0,O
,Androcles,0,B-per
,and,0,O
,the,0,O
,Lion,0,B-per
,were,0,O
,captured,0,O
,",",0,O
,and,0,O
,the,0,O
,slave,0,O
,was,0,O
,sentenced,0,O
,to,0,O
,be,0,O
,thrown,0,O
,to,0,O
,the,0,O
,Lion,0,B-per
,",",0,O
,after,0,O
,the,0,O
,latter,0,O
,had,0,O
,been,0,O
,kept,0,O
,without,0,O
,food,0,O
,for,0,O
,several,0,O
,days,0,O
,.,0,O
Sentence: 8,The,0,O
,Emperor,0,O
,and,0,O
,all,0,O
,his,0,O
,Court,0,O
,came,0,O
,to,0,O
,see,0,O
,the,0,O
,spectacle,0,O
,",",0,O
,and,0,O
,Androcles,0,B-per
,was,0,O
,led,0,O
,out,0,O
,into,0,O
,the,0,O
,middle,0,O
,of,0,O
,the,0,O
,arena,0,O
,.,0,O
Sentence: 9,Soon,0,O
,the,0,O
,Lion,0,B-per
,was,0,O
,let,0,O
,loose,0,O
,from,0,O
,his,0,O
,den,0,O
,",",0,O
,and,0,O
,rushed,0,O
,bounding,0,O
,and,0,O
,roaring,0,O
,towards,0,O
,his,0,O
,victim,0,O
,.,0,O
Sentence: 10,But,0,O
,as,0,O
,soon,0,O
,as,0,O
,he,0,O
,came,0,O
,near,0,O
,to,0,O
,Androcles,0,B-per
,he,0,O
,recognised,0,O
,his,0,O
,friend,0,O
,",",0,O
,and,0,O
,fawned,0,O
,upon,0,O
,him,0,O
,",",0,O
,and,0,O
,licked,0,O
,his,0,O
,hands,0,O
,like,0,O
,a,0,O
,friendly,0,O
,dog,0,O
,.,0,O
Sentence: 11,The,0,O
,Emperor,0,O
,",",0,O
,surprised,0,O
,at,0,O
,this,0,O
,",",0,O
,summoned,0,O
,Androcles,0,B-per
,to,0,O
,him,0,O
,",",0,O
,who,0,O
,told,0,O
,him,0,O
,the,0,O
,whole,0,O
,story,0,O
,.,0,O
Sentence: 12,Whereupon,0,O
,the,0,O
,slave,0,O
,was,0,O
,pardoned,0,O
,and,0,O
,freed,0,O
,",",0,O
,and,0,O
,the,0,O
,Lion,0,B-per
,let,0,O
,loose,0,O
,to,0,O
,his,0,O
,native,0,O
,forest,0,O
,.,0,O
Sentence: 13,Gratitude,0,O
,is,0,O
,the,0,O
,sign,0,O
,of,0,O
,noble,0,O
,souls,0,O
,.,0,O
Sentence: 14,A,0,O
,Fox,0,O
,after,0,O
,crossing,0,O
,a,0,O
,river,0,O
,got,0,O
,its,0,O
,tail,0,O
,entangled,0,O
,in,0,O
,a,0,O
,bush,0,O
,",",0,O
,and,0,O
,could,0,O
,not,0,O
,move,0,O
,.,0,O
Sentence: 15,A,0,O
,number,0,O
,of,0,O
,Mosquitoes,0,O
,seeing,0,O
,its,0,O
,plight,0,O
,settled,0,O
,upon,0,O
,it,0,O
,and,0,O
,enjoyed,0,O
,a,0,O
,good,0,O
,meal,0,O
,undisturbed,0,O
,by,0,O
,its,0,O
,tail,0,O
,.,0,O
Sentence: 16,A,0,O
,hedgehog,0,O
,strolling,0,O
,by,0,O
,took,0,O
,pity,0,O
,upon,0,O
,the,0,O
,Fox,0,O
,and,0,O
,went,0,O
,up,0,O
,to,0,O
,him,0,O
,:,0,O
,“,0,O
,You,0,O
,are,0,O
,in,0,O
,a,0,O
,bad,0,O
,way,0,O
,",",0,O
,neighbour,0,O
,",",0,O
,”,0,O
,said,0,O
,the,0,O
,hedgehog,0,O
,;,0,O
,“,0,O
,shall,0,O
,I,0,O
,relieve,0,O
,you,0,O
,by,0,O
,driving,0,O
,off,0,O
,those,0,O
,Mosquitoes,0,O
,who,0,O
,are,0,O
,sucking,0,O
,your,0,O
,blood,0,O
,?,0,O
,”,0,O
,“,0,O
,Thank,0,O
,you,0,O
,",",0,O
,Master,0,O
,Hedgehog,0,O
,",",0,O
,”,0,O
,said,0,O
,the,0,O
,Fox,0,O
,",",0,O
,“,0,O
,but,0,O
,I,0,O
,would,0,O
,rather,0,O
,not.,0,O
,”,0,O
,“,0,O
,Why,0,O
,",",0,O
,how,0,O
,is,0,O
,that,0,O
,?,0,O
,”,0,O
,asked,0,O
,the,0,O
,hedgehog,0,O
,.,0,O
Sentence: 17,“,0,O
,Well,0,O
,",",0,O
,you,0,O
,see,0,O
,",",0,O
,”,0,O
,was,0,O
,the,0,O
,answer,0,O
,",",0,O
,“,0,O
,these,0,O
,Mosquitoes,0,O
,have,0,O
,had,0,O
,their,0,O
,fill,0,O
,;,0,O
,if,0,O
,you,0,O
,drive,0,O
,these,0,O
,away,0,O
,",",0,O
,others,0,O
,will,0,O
,come,0,O
,with,0,O
,fresh,0,O
,appetite,0,O
,and,0,O
,bleed,0,O
,me,0,O
,to,0,O
,death,0,O
,.,0,O
,”,0,O
Sentence: 1,A,0,O
,Hart,0,B-per
,hotly,0,O
,pursued,0,O
,by,0,O
,the,0,O
,hounds,0,O
,fled,0,O
,for,0,O
,refuge,0,O
,into,0,O
,an,0,O
,ox-stall,0,O
,",",0,O
,and,0,O
,buried,0,O
,itself,0,O
,in,0,O
,a,0,O
,truss,0,O
,of,0,O
,hay,0,O
,",",0,O
,leaving,0,O
,nothing,0,O
,to,0,O
,be,0,O
,seen,0,O
,but,0,O
,the,0,O
,tips,0,O
,of,0,O
,his,0,O
,horns,0,O
,.,0,O
Sentence: 2,Soon,0,O
,after,0,O
,the,0,O
,Hunters,0,B-per
,came,0,O
,up,0,O
,and,0,O
,asked,0,O
,if,0,O
,any,0,O
,one,0,O
,had,0,O
,seen,0,O
,the,0,O
,Hart,0,B-per
,.,0,O
Sentence: 3,The,0,O
,stable,0,O
,boys,0,B-per
,",",0,O
,who,0,O
,had,0,O
,been,0,O
,resting,0,O
,after,0,O
,their,0,O
,dinner,0,O
,",",0,O
,looked,0,O
,round,0,O
,",",0,O
,but,0,O
,could,0,O
,see,0,O
,nothing,0,O
,",",0,O
,and,0,O
,the,0,O
,Hunters,0,B-per
,went,0,O
,away,0,O
,.,0,O
Sentence: 4,Shortly,0,O
,afterwards,0,O
,the,0,O
,master,0,B-per
,came,0,O
,in,0,O
,",",0,O
,and,0,O
,looking,0,O
,round,0,O
,",",0,O
,saw,0,O
,that,0,O
,something,0,O
,unusual,0,O
,had,0,O
,taken,0,O
,place,0,O
,.,0,O
Sentence: 5,He,0,O
,pointed,0,O
,to,0,O
,the,0,O
,truss,0,O
,of,0,O
,hay,0,O
,and,0,O
,said,0,O
,:,0,O
,“,0,O
,What,0,O
,are,0,O
,those,0,O
,two,0,O
,curious,0,O
,things,0,O
,sticking,0,O
,out,0,O
,of,0,O
,the,0,O
,hay,0,O
,?,0,O
,”,0,O
,And,0,O
,when,0,O
,the,0,O
,stable,0,O
,boys,0,B-per
,came,0,O
,to,0,O
,look,0,O
,they,0,O
,discovered,0,O
,the,0,O
,Hart,0,B-per
,",",0,O
,and,0,O
,soon,0,O
,made,0,O
,an,0,O
,end,0,O
,of,0,O
,him,0,O
,.,0,O
Sentence: 6,He,0,O
,thus,0,O
,learnt,0,O
,that,0,O
,Nothing,0,O
,escapes,0,O
,the,0,O
,master,0,B-per
,’,0,O
,s,0,O
,eye,0,O
,.,0,O
Sentence: 1,A,0,O
,Kid,0,B-per
,was,0,O
,perched,0,O
,up,0,O
,on,0,O
,the,0,O
,top,0,O
,of,0,O
,a,0,O
,house,0,O
,",",0,O
,and,0,O
,looking,0,O
,down,0,O
,saw,0,O
,a,0,O
,Wolf,0,B-per
,passing,0,O
,under,0,O
,him,0,O
,.,0,O
Sentence: 2,Immediately,0,O
,he,0,O
,began,0,O
,to,0,O
,revile,0,O
,and,0,O
,attack,0,O
,his,0,O
,enemy,0,O
,.,0,O
Sentence: 3,“,0,O
,Murderer,0,O
,and,0,O
,thief,0,O
,",",0,O
,”,0,O
,he,0,O
,cried,0,O
,",",0,O
,“,0,O
,what,0,O
,do,0,O
,you,0,O
,here,0,O
,near,0,O
,honest,0,O
,folks,0,O
,’,0,O
,houses,0,O
,?,0,O
Sentence: 4,How,0,O
,dare,0,O
,you,0,O
,make,0,O
,an,0,O
,appearance,0,O
,where,0,O
,your,0,O
,vile,0,O
,deeds,0,O
,are,0,O
,known,0,O
,?,0,O
,”,0,O
,“,0,O
,Curse,0,O
,away,0,O
,",",0,O
,my,0,O
,young,0,O
,friend,0,O
,",",0,O
,”,0,O
,said,0,O
,the,0,O
,Wolf,0,B-per
,.,0,O
Sentence: 5,“,0,O
,It,0,O
,is,0,O
,easy,0,O
,to,0,O
,be,0,O
,brave,0,O
,from,0,O
,a,0,O
,safe,0,O
,distance,0,O
,.,0,O
,”,0,O
Sentence: 1,One,0,O
,hot,0,O
,summer,0,O
,’,0,O
,s,0,O
,day,0,O
,a,0,O
,Fox,0,B-per
,was,0,O
,strolling,0,O
,through,0,O
,an,0,O
,orchard,0,O
,till,0,O
,he,0,O
,came,0,O
,to,0,O
,a,0,O
,bunch,0,O
,of,0,O
,Grapes,0,B-per
,just,0,O
,ripening,0,O
,on,0,O
,a,0,O
,vine,0,O
,which,0,O
,had,0,O
,been,0,O
,trained,0,O
,over,0,O
,a,0,O
,lofty,0,O
,branch,0,O
,.,0,O
Sentence: 2,“,0,O
,Just,0,O
,the,0,O
,thing,0,O
,to,0,O
,quench,0,O
,my,0,O
,thirst,0,O
,",",0,O
,”,0,O
,quoth,0,O
,he,0,O
,.,0,O
Sentence: 3,Drawing,0,O
,back,0,O
,a,0,O
,few,0,O
,paces,0,O
,",",0,O
,he,0,O
,took,0,O
,a,0,O
,run,0,O
,and,0,O
,a,0,O
,jump,0,O
,",",0,O
,and,0,O
,just,0,O
,missed,0,O
,the,0,O
,bunch,0,O
,.,0,O
Sentence: 4,Turning,0,O
,round,0,O
,again,0,O
,with,0,O
,a,0,O
,One,0,O
,",",0,O
,Two,0,O
,",",0,O
,Three,0,O
,",",0,O
,he,0,O
,jumped,0,O
,up,0,O
,",",0,O
,but,0,O
,with,0,O
,no,0,O
,greater,0,O
,success,0,O
,.,0,O
Sentence: 5,Again,0,O
,and,0,O
,again,0,O
,he,0,O
,tried,0,O
,after,0,O
,the,0,O
,tempting,0,O
,morsel,0,O
,",",0,O
,but,0,O
,at,0,O
,last,0,O
,had,0,O
,to,0,O
,give,0,O
,it,0,O
,up,0,O
,",",0,O
,and,0,O
,walked,0,O
,away,0,O
,with,0,O
,his,0,O
,nose,0,O
,in,0,O
,the,0,O
,air,0,O
,",",0,O
,saying,0,O
,:,0,O
,“,0,O
,I,0,O
,am,0,O
,sure,0,O
,they,0,O
,are,0,O
,sour.,0,O
,”,0,O
,It,0,O
,is,0,O
,easy,0,O
,to,0,O
,despise,0,O
,what,0,O
,you,0,O
,can,0,O
,not,0,O
,get,0,O
,.,0,O
Sentence: 1,It,0,O
,happened,0,O
,that,0,O
,a,0,O
,Fox,0,B-per
,caught,0,O
,its,0,O
,tail,0,O
,in,0,O
,a,0,O
,trap,0,O
,",",0,O
,and,0,O
,in,0,O
,struggling,0,O
,to,0,O
,release,0,O
,himself,0,O
,lost,0,O
,all,0,O
,of,0,O
,it,0,O
,but,0,O
,the,0,O
,stump,0,O
,.,0,O
Sentence: 2,At,0,O
,first,0,O
,he,0,O
,was,0,O
,ashamed,0,O
,to,0,O
,show,0,O
,himself,0,O
,among,0,O
,his,0,O
,fellow,0,O
,foxes,0,B-per
,.,0,O
Sentence: 3,But,0,O
,at,0,O
,last,0,O
,he,0,O
,determined,0,O
,to,0,O
,put,0,O
,a,0,O
,bolder,0,O
,face,0,O
,upon,0,O
,his,0,O
,misfortune,0,O
,",",0,O
,and,0,O
,summoned,0,O
,all,0,O
,the,0,O
,foxes,0,B-per
,to,0,O
,a,0,O
,general,0,O
,meeting,0,O
,to,0,O
,consider,0,O
,a,0,O
,proposal,0,O
,which,0,O
,he,0,O
,had,0,O
,to,0,O
,place,0,O
,before,0,O
,them,0,O
,.,0,O
Sentence: 4,When,0,O
,they,0,O
,had,0,O
,assembled,0,O
,together,0,O
,the,0,O
,Fox,0,B-per
,proposed,0,O
,that,0,O
,they,0,O
,should,0,O
,all,0,O
,do,0,O
,away,0,O
,with,0,O
,their,0,O
,tails,0,O
,.,0,O
Sentence: 5,He,0,O
,pointed,0,O
,out,0,O
,how,0,O
,inconvenient,0,O
,a,0,O
,tail,0,O
,was,0,O
,when,0,O
,they,0,O
,were,0,O
,pursued,0,O
,by,0,O
,their,0,O
,enemies,0,O
,",",0,O
,the,0,O
,dogs,0,O
,;,0,O
,how,0,O
,much,0,O
,it,0,O
,was,0,O
,in,0,O
,the,0,O
,way,0,O
,when,0,O
,they,0,O
,desired,0,O
,to,0,O
,sit,0,O
,down,0,O
,and,0,O
,hold,0,O
,a,0,O
,friendly,0,O
,conversation,0,O
,with,0,O
,one,0,O
,another,0,O
,.,0,O
Sentence: 6,He,0,O
,failed,0,O
,to,0,O
,see,0,O
,any,0,O
,advantage,0,O
,in,0,O
,carrying,0,O
,about,0,O
,such,0,O
,a,0,O
,useless,0,O
,encumbrance,0,O
,.,0,O
Sentence: 7,“,0,O
,That,0,O
,is,0,O
,all,0,O
,very,0,O
,well,0,O
,",",0,O
,”,0,O
,said,0,O
,one,0,O
,of,0,O
,the,0,O
,older,0,O
,foxes,0,B-per
,;,0,O
,“,0,O
,but,0,O
,I,0,O
,do,0,O
,not,0,O
,think,0,O
,you,0,O
,would,0,O
,have,0,O
,recommended,0,O
,us,0,O
,to,0,O
,dispense,0,O
,with,0,O
,our,0,O
,chief,0,O
,ornament,0,O
,if,0,O
,you,0,O
,had,0,O
,not,0,O
,happened,0,O
,to,0,O
,lose,0,O
,it,0,O
,yourself.,0,O
,”,0,O
,Distrust,0,O
,interested,0,O
,advice,0,O
,.,0,O
Sentence: 1,A,0,O
,cock,0,B-per
,was,0,O
,once,0,O
,strutting,0,O
,up,0,O
,and,0,O
,down,0,O
,the,0,O
,farmyard,0,O
,among,0,O
,the,0,O
,hens,0,O
,when,0,O
,suddenly,0,O
,he,0,O
,espied,0,O
,something,0,O
,shinning,0,O
,amid,0,O
,the,0,O
,straw,0,O
,.,0,O
Sentence: 2,“,0,O
,Ho,0,O
,!,0,O
Sentence: 3,ho,0,O
,!,0,O
,”,0,O
,quoth,0,O
,he,0,O
,",",0,O
,“,0,O
,that,0,O
,’,0,O
,s,0,O
,for,0,O
,me,0,O
,",",0,O
,”,0,O
,and,0,O
,soon,0,O
,rooted,0,O
,it,0,O
,out,0,O
,from,0,O
,beneath,0,O
,the,0,O
,straw,0,O
,.,0,O
Sentence: 4,“,0,O
,What,0,O
,did,0,O
,it,0,O
,turn,0,O
,out,0,O
,to,0,O
,be,0,O
,but,0,O
,a,0,O
,Pearl,0,B-per
,that,0,O
,by,0,O
,some,0,O
,chance,0,O
,had,0,O
,been,0,O
,lost,0,O
,in,0,O
,the,0,O
,yard,0,O
,?,0,O
Sentence: 5,“,0,O
,You,0,O
,may,0,O
,be,0,O
,a,0,O
,treasure,0,O
,",",0,O
,”,0,O
,quoth,0,O
,Master,0,O
,Cock,0,B-per
,",",0,O
,“,0,O
,to,0,O
,men,0,O
,that,0,O
,prize,0,O
,you,0,O
,",",0,O
,but,0,O
,for,0,O
,me,0,O
,I,0,O
,would,0,O
,rather,0,O
,have,0,O
,a,0,O
,single,0,O
,barley-corn,0,O
,than,0,O
,a,0,O
,peck,0,O
,of,0,O
,pearls.,0,O
,”,0,O
,Precious,0,O
,things,0,O
,are,0,O
,for,0,O
,those,0,O
,that,0,O
,can,0,O
,prize,0,O
,them,0,O
,.,0,O
Sentence: 1,The,0,O
,gods,0,O
,were,0,O
,once,0,O
,disputing,0,O
,whether,0,O
,it,0,O
,was,0,O
,possible,0,O
,for,0,O
,a,0,O
,living,0,O
,being,0,O
,to,0,O
,change,0,O
,its,0,O
,nature,0,O
,.,0,O
Sentence: 2,Jupiter,0,B-per
,said,0,O
,“,0,O
,Yes,0,O
,",",0,O
,”,0,O
,but,0,O
,Venus,0,B-per
,said,0,O
,“,0,O
,No.,0,O
,”,0,O
,So,0,O
,",",0,O
,to,0,O
,try,0,O
,the,0,O
,question,0,O
,",",0,O
,Jupiter,0,B-per
,turned,0,O
,a,0,O
,Cat,0,B-per
,into,0,O
,a,0,O
,Maiden,0,B-per
,",",0,O
,and,0,O
,gave,0,O
,her,0,O
,to,0,O
,a,0,O
,young,0,O
,man,0,O
,for,0,O
,a,0,O
,wife,0,O
,.,0,O
Sentence: 3,The,0,O
,wedding,0,O
,was,0,O
,duly,0,O
,performed,0,O
,and,0,O
,the,0,O
,young,0,O
,couple,0,O
,sat,0,O
,down,0,O
,to,0,O
,the,0,O
,wedding-feast,0,O
,.,0,O
Sentence: 4,“,0,O
,See,0,O
,",",0,O
,”,0,O
,said,0,O
,Jupiter,0,B-per
,",",0,O
,to,0,O
,Venus,0,B-per
,",",0,O
,“,0,O
,how,0,O
,becomingly,0,O
,she,0,O
,behaves,0,O
,.,0,O
Sentence: 5,Who,0,O
,could,0,O
,tell,0,O
,that,0,O
,yesterday,0,O
,she,0,O
,was,0,O
,but,0,O
,a,0,O
,Cat,0,B-per
,?,0,O
Sentence: 6,Surely,0,O
,her,0,O
,nature,0,O
,is,0,O
,changed,0,O
,?,0,O
,”,0,O
,“,0,O
,Wait,0,O
,a,0,O
,minute,0,O
,",",0,O
,”,0,O
,replied,0,O
,Venus,0,B-per
,",",0,O
,and,0,O
,let,0,O
,loose,0,O
,a,0,O
,mouse,0,O
,into,0,O
,the,0,O
,room,0,O
,.,0,O
Sentence: 7,No,0,O
,sooner,0,O
,did,0,O
,the,0,O
,bride,0,O
,see,0,O
,this,0,O
,than,0,O
,she,0,O
,jumped,0,O
,up,0,O
,from,0,O
,her,0,O
,seat,0,O
,and,0,O
,tried,0,O
,to,0,O
,pounce,0,O
,upon,0,O
,the,0,O
,mouse,0,O
,.,0,O
Sentence: 8,“,0,O
,Ah,0,O
,",",0,O
,you,0,O
,see,0,O
,",",0,O
,”,0,O
,said,0,O
,Venus,0,B-per
,",",0,O
,“,0,O
,Nature,0,O
,will,0,O
,out,0,O
,.,0,O
,”,0,O
Sentence: 1,One,0,O
,fine,0,O
,day,0,O
,it,0,O
,occurred,0,O
,to,0,O
,the,0,O
,Members,0,O
,of,0,O
,the,0,O
,Body,0,O
,that,0,O
,they,0,O
,were,0,O
,doing,0,O
,all,0,O
,the,0,O
,work,0,O
,and,0,O
,the,0,O
,Belly,0,B-per
,was,0,O
,having,0,O
,all,0,O
,the,0,O
,food,0,O
,.,0,O
Sentence: 2,So,0,O
,they,0,O
,held,0,O
,a,0,O
,meeting,0,O
,",",0,O
,and,0,O
,after,0,O
,a,0,O
,long,0,O
,discussion,0,O
,",",0,O
,decided,0,O
,to,0,O
,strike,0,O
,work,0,O
,till,0,O
,the,0,O
,Belly,0,B-per
,consented,0,O
,to,0,O
,take,0,O
,its,0,O
,proper,0,O
,share,0,O
,of,0,O
,the,0,O
,work,0,O
,.,0,O
Sentence: 3,So,0,O
,for,0,O
,a,0,O
,day,0,O
,or,0,O
,two,0,O
,",",0,O
,the,0,O
,Hands,0,B-per
,refused,0,O
,to,0,O
,take,0,O
,the,0,O
,food,0,O
,",",0,O
,the,0,O
,Mouth,0,B-per
,refused,0,O
,to,0,O
,receive,0,O
,it,0,O
,",",0,O
,and,0,O
,the,0,O
,Teeth,0,B-per
,had,0,O
,no,0,O
,work,0,O
,to,0,O
,do,0,O
,.,0,O
Sentence: 4,But,0,O
,after,0,O
,a,0,O
,day,0,O
,or,0,O
,two,0,O
,the,0,O
,Members,0,O
,began,0,O
,to,0,O
,find,0,O
,that,0,O
,they,0,O
,themselves,0,O
,were,0,O
,not,0,O
,in,0,O
,a,0,O
,very,0,O
,active,0,O
,condition,0,O
,:,0,O
,the,0,O
,Hands,0,B-per
,could,0,O
,hardly,0,O
,move,0,O
,",",0,O
,and,0,O
,the,0,O
,Mouth,0,B-per
,was,0,O
,all,0,O
,parched,0,O
,and,0,O
,dry,0,O
,",",0,O
,while,0,O
,the,0,O
,Legs,0,B-per
,were,0,O
,unable,0,O
,to,0,O
,support,0,O
,the,0,O
,rest,0,O
,.,0,O
Sentence: 5,So,0,O
,thus,0,O
,they,0,O
,found,0,O
,that,0,O
,even,0,O
,the,0,O
,Belly,0,B-per
,in,0,O
,its,0,O
,dull,0,O
,quiet,0,O
,way,0,O
,was,0,O
,doing,0,O
,necessary,0,O
,work,0,O
,for,0,O
,the,0,O
,Body,0,O
,",",0,O
,and,0,O
,that,0,O
,all,0,O
,must,0,O
,work,0,O
,together,0,O
,or,0,O
,the,0,O
,Body,0,O
,will,0,O
,go,0,O
,to,0,O
,pieces,0,O
,.,0,O
Sentence: 1,An,0,O
,Eagle,0,B-per
,was,0,O
,soaring,0,O
,through,0,O
,the,0,O
,air,0,O
,when,0,O
,suddenly,0,O
,it,0,O
,heard,0,O
,the,0,O
,whizz,0,O
,of,0,O
,an,0,O
,Arrow,0,B-per
,",",0,O
,and,0,O
,felt,0,O
,itself,0,O
,wounded,0,O
,to,0,O
,death,0,O
,.,0,O
Sentence: 2,Slowly,0,O
,it,0,O
,fluttered,0,O
,down,0,O
,to,0,O
,the,0,O
,earth,0,O
,",",0,O
,with,0,O
,its,0,O
,life-blood,0,O
,pouring,0,O
,out,0,O
,of,0,O
,it,0,O
,.,0,O
Sentence: 3,Looking,0,O
,down,0,O
,upon,0,O
,the,0,O
,Arrow,0,B-per
,with,0,O
,which,0,O
,it,0,O
,had,0,O
,been,0,O
,pierced,0,O
,",",0,O
,it,0,O
,found,0,O
,that,0,O
,the,0,O
,shaft,0,O
,of,0,O
,the,0,O
,Arrow,0,B-per
,had,0,O
,been,0,O
,feathered,0,O
,with,0,O
,one,0,O
,of,0,O
,its,0,O
,own,0,O
,plumes,0,O
,.,0,O
Sentence: 4,“,0,O
,Alas,0,O
,!,0,O
,”,0,O
,it,0,O
,cried,0,O
,",",0,O
,as,0,O
,it,0,O
,died,0,O
,",",0,O
,“,0,O
,We,0,O
,often,0,O
,give,0,O
,our,0,O
,enemies,0,O
,the,0,O
,means,0,O
,for,0,O
,our,0,O
,own,0,O
,destruction,0,O
,.,0,O
,”,0,O
Sentence: 1,A,0,O
,Dog,0,B-per
,looking,0,O
,out,0,O
,for,0,O
,its,0,O
,afternoon,0,O
,nap,0,O
,jumped,0,O
,into,0,O
,the,0,O
,Manger,0,O
,of,0,O
,an,0,O
,Ox,0,B-per
,and,0,O
,lay,0,O
,there,0,O
,cosily,0,O
,upon,0,O
,the,0,O
,straw,0,O
,.,0,O
Sentence: 2,But,0,O
,soon,0,O
,the,0,O
,Ox,0,B-per
,",",0,O
,returning,0,O
,from,0,O
,its,0,O
,afternoon,0,O
,work,0,O
,",",0,O
,came,0,O
,up,0,O
,to,0,O
,the,0,O
,Manger,0,O
,and,0,O
,wanted,0,O
,to,0,O
,eat,0,O
,some,0,O
,of,0,O
,the,0,O
,straw,0,O
,.,0,O
Sentence: 3,The,0,O
,Dog,0,B-per
,in,0,O
,a,0,O
,rage,0,O
,",",0,O
,being,0,O
,awakened,0,O
,from,0,O
,its,0,O
,slumber,0,O
,",",0,O
,stood,0,O
,up,0,O
,and,0,O
,barked,0,O
,at,0,O
,the,0,O
,Ox,0,B-per
,",",0,O
,and,0,O
,whenever,0,O
,it,0,O
,came,0,O
,near,0,O
,attempted,0,O
,to,0,O
,bite,0,O
,it,0,O
,.,0,O
Sentence: 4,At,0,O
,last,0,O
,the,0,O
,Ox,0,B-per
,had,0,O
,to,0,O
,give,0,O
,up,0,O
,the,0,O
,hope,0,O
,of,0,O
,getting,0,O
,at,0,O
,the,0,O
,straw,0,O
,",",0,O
,and,0,O
,went,0,O
,away,0,O
,muttering,0,O
,:,0,O
,“,0,O
,Ah,0,O
,",",0,O
,people,0,O
,often,0,O
,grudge,0,O
,others,0,O
,what,0,O
,they,0,O
,can,0,O
,not,0,O
,enjoy,0,O
,themselves,0,O
,.,0,O
,”,0,O
Sentence: 1,The,0,O
,Hart,0,B-per
,was,0,O
,once,0,O
,drinking,0,O
,from,0,O
,a,0,O
,pool,0,O
,and,0,O
,admiring,0,O
,the,0,O
,noble,0,O
,figure,0,O
,he,0,O
,made,0,O
,there,0,O
,.,0,O
Sentence: 2,“,0,O
,Ah,0,O
,",",0,O
,”,0,O
,said,0,O
,he,0,O
,",",0,O
,“,0,O
,where,0,O
,can,0,O
,you,0,O
,see,0,O
,such,0,O
,noble,0,O
,horns,0,O
,as,0,O
,these,0,O
,",",0,O
,with,0,O
,such,0,O
,antlers,0,O
,!,0,O
Sentence: 3,I,0,O
,wish,0,O
,I,0,O
,had,0,O
,legs,0,O
,more,0,O
,worthy,0,O
,to,0,O
,bear,0,O
,such,0,O
,a,0,O
,noble,0,O
,crown,0,O
,;,0,O
,it,0,O
,is,0,O
,a,0,O
,pity,0,O
,they,0,O
,are,0,O
,so,0,O
,slim,0,O
,and,0,O
,slight.,0,O
,”,0,O
,At,0,O
,that,0,O
,moment,0,O
,a,0,O
,Hunter,0,B-per
,approached,0,O
,and,0,O
,sent,0,O
,an,0,O
,arrow,0,O
,whistling,0,O
,after,0,O
,him,0,O
,.,0,O
Sentence: 4,Away,0,O
,bounded,0,O
,the,0,O
,Hart,0,B-per
,",",0,O
,and,0,O
,soon,0,O
,",",0,O
,by,0,O
,the,0,O
,aid,0,O
,of,0,O
,his,0,O
,nimble,0,O
,legs,0,O
,",",0,O
,was,0,O
,nearly,0,O
,out,0,O
,of,0,O
,sight,0,O
,of,0,O
,the,0,O
,Hunter,0,B-per
,;,0,O
,but,0,O
,not,0,O
,noticing,0,O
,where,0,O
,he,0,O
,was,0,O
,going,0,O
,",",0,O
,he,0,O
,passed,0,O
,under,0,O
,some,0,O
,trees,0,O
,with,0,O
,branches,0,O
,growing,0,O
,low,0,O
,down,0,O
,in,0,O
,which,0,O
,his,0,O
,antlers,0,O
,were,0,O
,caught,0,O
,",",0,O
,so,0,O
,that,0,O
,the,0,O
,Hunter,0,B-per
,had,0,O
,time,0,O
,to,0,O
,come,0,O
,up,0,O
,.,0,O
Sentence: 5,“,0,O
,Alas,0,O
,!,0,O
Sentence: 6,alas,0,O
,!,0,O
,”,0,O
,cried,0,O
,the,0,O
,Hart,0,B-per
,:,0,O
,“,0,O
,We,0,O
,often,0,O
,despise,0,O
,what,0,O
,is,0,O
,most,0,O
,useful,0,O
,to,0,O
,us,0,O
,.,0,O
,”,0,O
Sentence: 1,One,0,O
,day,0,O
,a,0,O
,countryman,0,B-per
,going,0,O
,to,0,O
,the,0,O
,nest,0,O
,of,0,O
,his,0,O
,Goose,0,B-per
,found,0,O
,there,0,O
,an,0,O
,egg,0,O
,all,0,O
,yellow,0,O
,and,0,O
,glittering,0,O
,.,0,O
Sentence: 2,When,0,O
,he,0,O
,took,0,O
,it,0,O
,up,0,O
,it,0,O
,was,0,O
,as,0,O
,heavy,0,O
,as,0,O
,lead,0,O
,and,0,O
,he,0,O
,was,0,O
,going,0,O
,to,0,O
,throw,0,O
,it,0,O
,away,0,O
,",",0,O
,because,0,O
,he,0,O
,thought,0,O
,a,0,O
,trick,0,O
,had,0,O
,been,0,O
,played,0,O
,upon,0,O
,him,0,O
,.,0,O
Sentence: 3,But,0,O
,he,0,O
,took,0,O
,it,0,O
,home,0,O
,on,0,O
,second,0,O
,thoughts,0,O
,",",0,O
,and,0,O
,soon,0,O
,found,0,O
,to,0,O
,his,0,O
,delight,0,O
,that,0,O
,it,0,O
,was,0,O
,an,0,O
,egg,0,O
,of,0,O
,pure,0,O
,gold,0,O
,.,0,O
Sentence: 4,Every,0,O
,morning,0,O
,the,0,O
,same,0,O
,thing,0,O
,occurred,0,O
,",",0,O
,and,0,O
,he,0,O
,soon,0,O
,became,0,O
,rich,0,O
,by,0,O
,selling,0,O
,his,0,O
,eggs,0,O
,.,0,O
Sentence: 5,As,0,O
,he,0,O
,grew,0,O
,rich,0,O
,he,0,O
,grew,0,O
,greedy,0,O
,;,0,O
,and,0,O
,thinking,0,O
,to,0,O
,get,0,O
,at,0,O
,once,0,O
,all,0,O
,the,0,O
,gold,0,O
,the,0,O
,Goose,0,B-per
,could,0,O
,give,0,O
,",",0,O
,he,0,O
,killed,0,O
,it,0,O
,and,0,O
,opened,0,O
,it,0,O
,only,0,O
,to,0,O
,find,0,O
,nothing,0,O
,.,0,O
Sentence: 6,Greed,0,O
,oft,0,O
,o,0,O
,’,0,O
,er,0,O
,reaches,0,O
,itself,0,O
,.,0,O
Sentence: 1,The,0,O
,Lion,0,B-per
,went,0,O
,once,0,O
,a-hunting,0,O
,along,0,O
,with,0,O
,the,0,O
,Fox,0,B-per
,",",0,O
,the,0,O
,Jackal,0,B-per
,",",0,O
,and,0,O
,the,0,O
,Wolf,0,B-per
,.,0,O
Sentence: 2,They,0,O
,hunted,0,O
,and,0,O
,they,0,O
,hunted,0,O
,till,0,O
,at,0,O
,last,0,O
,they,0,O
,surprised,0,O
,a,0,O
,Stag,0,B-per
,",",0,O
,and,0,O
,soon,0,O
,took,0,O
,its,0,O
,life,0,O
,.,0,O
Sentence: 3,Then,0,O
,came,0,O
,the,0,O
,question,0,O
,how,0,O
,the,0,O
,spoil,0,O
,should,0,O
,be,0,O
,divided,0,O
,.,0,O
Sentence: 4,“,0,O
,Quarter,0,O
,me,0,O
,this,0,O
,Stag,0,B-per
,",",0,O
,”,0,O
,roared,0,O
,the,0,O
,Lion,0,B-per
,;,0,O
,so,0,O
,the,0,O
,other,0,O
,animals,0,O
,skinned,0,O
,it,0,O
,and,0,O
,cut,0,O
,it,0,O
,into,0,O
,four,0,O
,parts,0,O
,.,0,O
Sentence: 5,Then,0,O
,the,0,O
,Lion,0,B-per
,took,0,O
,his,0,O
,stand,0,O
,in,0,O
,front,0,O
,of,0,O
,the,0,O
,carcass,0,O
,and,0,O
,pronounced,0,O
,judgment,0,O
,:,0,O
,The,0,O
,first,0,O
,quarter,0,O
,is,0,O
,for,0,O
,me,0,O
,in,0,O
,my,0,O
,capacity,0,O
,as,0,O
,King,0,O
,of,0,O
,Beasts,0,O
,;,0,O
,the,0,O
,second,0,O
,is,0,O
,mine,0,O
,as,0,O
,arbiter,0,O
,;,0,O
,another,0,O
,share,0,O
,comes,0,O
,to,0,O
,me,0,O
,for,0,O
,my,0,O
,part,0,O
,in,0,O
,the,0,O
,chase,0,O
,;,0,O
,and,0,O
,as,0,O
,for,0,O
,the,0,O
,fourth,0,O
,quarter,0,O
,",",0,O
,well,0,O
,",",0,O
,as,0,O
,for,0,O
,that,0,O
,",",0,O
,I,0,O
,should,0,O
,like,0,O
,to,0,O
,see,0,O
,which,0,O
,of,0,O
,you,0,O
,will,0,O
,dare,0,O
,to,0,O
,lay,0,O
,a,0,O
,paw,0,O
,upon,0,O
,it.,0,O
,”,0,O
,“,0,O
,Humph,0,O
,",",0,O
,”,0,O
,grumbled,0,O
,the,0,O
,Fox,0,B-per
,as,0,O
,he,0,O
,walked,0,O
,away,0,O
,with,0,O
,his,0,O
,tail,0,O
,between,0,O
,his,0,O
,legs,0,O
,;,0,O
,but,0,O
,he,0,O
,spoke,0,O
,in,0,O
,a,0,O
,low,0,O
,growl—,0,O
,“,0,O
,You,0,O
,may,0,O
,share,0,O
,the,0,O
,labours,0,O
,of,0,O
,the,0,O
,great,0,O
,",",0,O
,but,0,O
,you,0,O
,will,0,O
,not,0,O
,share,0,O
,the,0,O
,spoil,0,O
,.,0,O
,”,0,O
Sentence: 1,The,0,O
,Frogs,0,B-per
,were,0,O
,living,0,O
,as,0,O
,happy,0,O
,as,0,O
,could,0,O
,be,0,O
,in,0,O
,a,0,O
,marshy,0,O
,swamp,0,O
,that,0,O
,just,0,O
,suited,0,O
,them,0,O
,;,0,O
,they,0,O
,went,0,O
,splashing,0,O
,about,0,O
,caring,0,O
,for,0,O
,nobody,0,O
,and,0,O
,nobody,0,O
,troubling,0,O
,with,0,O
,them,0,O
,.,0,O
Sentence: 2,But,0,O
,some,0,O
,of,0,O
,them,0,O
,thought,0,O
,that,0,O
,this,0,O
,was,0,O
,not,0,O
,right,0,O
,",",0,O
,that,0,O
,they,0,O
,should,0,O
,have,0,O
,a,0,O
,king,0,O
,and,0,O
,a,0,O
,proper,0,O
,constitution,0,O
,",",0,O
,so,0,O
,they,0,O
,determined,0,O
,to,0,O
,send,0,O
,up,0,O
,a,0,O
,petition,0,O
,to,0,O
,Jove,0,B-per
,to,0,O
,give,0,O
,them,0,O
,what,0,O
,they,0,O
,wanted,0,O
,.,0,O
Sentence: 3,“,0,O
,Mighty,0,O
,Jove,0,B-per
,",",0,O
,”,0,O
,they,0,O
,cried,0,O
,",",0,O
,“,0,O
,send,0,O
,unto,0,O
,us,0,O
,a,0,O
,king,0,O
,that,0,O
,will,0,O
,rule,0,O
,over,0,O
,us,0,O
,and,0,O
,keep,0,O
,us,0,O
,in,0,O
,order.,0,O
,”,0,O
,Jove,0,B-per
,laughed,0,O
,at,0,O
,their,0,O
,croaking,0,O
,",",0,O
,and,0,O
,threw,0,O
,down,0,O
,into,0,O
,the,0,O
,swamp,0,O
,a,0,O
,huge,0,O
,Log,0,B-per
,",",0,O
,which,0,O
,came,0,O
,down,0,O
,splashing,0,O
,into,0,O
,the,0,O
,swamp,0,O
,.,0,O
Sentence: 4,The,0,O
,Frogs,0,B-per
,were,0,O
,frightened,0,O
,out,0,O
,of,0,O
,their,0,O
,lives,0,O
,by,0,O
,the,0,O
,commotion,0,O
,made,0,O
,in,0,O
,their,0,O
,midst,0,O
,",",0,O
,and,0,O
,all,0,O
,rushed,0,O
,to,0,O
,the,0,O
,bank,0,O
,to,0,O
,look,0,O
,at,0,O
,the,0,O
,horrible,0,O
,monster,0,O
,;,0,O
,but,0,O
,after,0,O
,a,0,O
,time,0,O
,",",0,O
,seeing,0,O
,that,0,O
,it,0,O
,did,0,O
,not,0,O
,move,0,O
,",",0,O
,one,0,O
,or,0,O
,two,0,O
,of,0,O
,the,0,O
,boldest,0,O
,of,0,O
,them,0,O
,ventured,0,O
,out,0,O
,towards,0,O
,the,0,O
,Log,0,B-per
,",",0,O
,and,0,O
,even,0,O
,dared,0,O
,to,0,O
,touch,0,O
,it,0,O
,;,0,O
,still,0,O
,it,0,O
,did,0,O
,not,0,O
,move,0,O
,.,0,O
Sentence: 5,Then,0,O
,the,0,O
,greatest,0,O
,hero,0,O
,of,0,O
,the,0,O
,Frogs,0,B-per
,jumped,0,O
,upon,0,O
,the,0,O
,Log,0,B-per
,and,0,O
,commenced,0,O
,dancing,0,O
,up,0,O
,and,0,O
,down,0,O
,upon,0,O
,it,0,O
,",",0,O
,thereupon,0,O
,all,0,O
,the,0,O
,Frogs,0,B-per
,came,0,O
,and,0,O
,did,0,O
,the,0,O
,same,0,O
,;,0,O
,and,0,O
,for,0,O
,some,0,O
,time,0,O
,the,0,O
,Frogs,0,B-per
,went,0,O
,about,0,O
,their,0,O
,business,0,O
,every,0,O
,day,0,O
,without,0,O
,taking,0,O
,the,0,O
,slightest,0,O
,notice,0,O
,of,0,O
,their,0,O
,new,0,O
,King,0,O
,Log,0,B-per
,lying,0,O
,in,0,O
,their,0,O
,midst,0,O
,.,0,O
Sentence: 6,But,0,O
,this,0,O
,did,0,O
,not,0,O
,suit,0,O
,them,0,O
,",",0,O
,so,0,O
,they,0,O
,sent,0,O
,another,0,O
,petition,0,O
,to,0,O
,Jove,0,B-per
,",",0,O
,and,0,O
,said,0,O
,to,0,O
,him,0,O
,",",0,O
,“,0,O
,We,0,O
,want,0,O
,a,0,O
,real,0,O
,king,0,O
,;,0,O
,one,0,O
,that,0,O
,will,0,O
,really,0,O
,rule,0,O
,over,0,O
,us.,0,O
,”,0,O
,Now,0,O
,this,0,O
,made,0,O
,Jove,0,B-per
,angry,0,O
,",",0,O
,so,0,O
,he,0,O
,sent,0,O
,among,0,O
,them,0,O
,a,0,O
,big,0,O
,Stork,0,B-per
,that,0,O
,soon,0,O
,set,0,O
,to,0,O
,work,0,O
,gobbling,0,O
,them,0,O
,all,0,O
,up,0,O
,.,0,O
Sentence: 7,Then,0,O
,the,0,O
,Frogs,0,B-per
,repented,0,O
,when,0,O
,too,0,O
,late,0,O
,.,0,O
Sentence: 8,Better,0,O
,no,0,O
,rule,0,O
,than,0,O
,cruel,0,O
,rule,0,O
,.,0,O
Sentence: 1,At,0,O
,one,0,O
,time,0,O
,the,0,O
,Fox,0,B-per
,and,0,O
,the,0,O
,Stork,0,B-per
,were,0,O
,on,0,O
,visiting,0,O
,terms,0,O
,and,0,O
,seemed,0,O
,very,0,O
,good,0,O
,friends,0,O
,.,0,O
Sentence: 2,So,0,O
,the,0,O
,Fox,0,B-per
,invited,0,O
,the,0,O
,Stork,0,B-per
,to,0,O
,dinner,0,O
,",",0,O
,and,0,O
,for,0,O
,a,0,O
,joke,0,O
,put,0,O
,nothing,0,O
,before,0,O
,her,0,O
,but,0,O
,some,0,O
,soup,0,O
,in,0,O
,a,0,O
,very,0,O
,shallow,0,O
,dish,0,O
,.,0,O
Sentence: 3,This,0,O
,the,0,O
,Fox,0,B-per
,could,0,O
,easily,0,O
,lap,0,O
,up,0,O
,",",0,O
,but,0,O
,the,0,O
,Stork,0,B-per
,could,0,O
,only,0,O
,wet,0,O
,the,0,O
,end,0,O
,of,0,O
,her,0,O
,long,0,O
,bill,0,O
,in,0,O
,it,0,O
,",",0,O
,and,0,O
,left,0,O
,the,0,O
,meal,0,O
,as,0,O
,hungry,0,O
,as,0,O
,when,0,O
,she,0,O
,began,0,O
,.,0,O
Sentence: 4,“,0,O
,I,0,O
,am,0,O
,sorry,0,O
,",",0,O
,”,0,O
,said,0,O
,the,0,O
,Fox,0,B-per
,",",0,O
,“,0,O
,the,0,O
,soup,0,O
,is,0,O
,not,0,O
,to,0,O
,your,0,O
,liking.,0,O
,”,0,O
,“,0,O
,Pray,0,O
,do,0,O
,not,0,O
,apologise,0,O
,",",0,O
,”,0,O
,said,0,O
,the,0,O
,Stork,0,B-per
,.,0,O
Sentence: 5,“,0,O
,I,0,O
,hope,0,O
,you,0,O
,will,0,O
,return,0,O
,this,0,O
,visit,0,O
,",",0,O
,and,0,O
,come,0,O
,and,0,O
,dine,0,O
,with,0,O
,me,0,O
,soon.,0,O
,”,0,O
,So,0,O
,a,0,O
,day,0,O
,was,0,O
,appointed,0,O
,when,0,O
,the,0,O
,Fox,0,B-per
,should,0,O
,visit,0,O
,the,0,O
,Stork,0,B-per
,;,0,O
,but,0,O
,when,0,O
,they,0,O
,were,0,O
,seated,0,O
,at,0,O
,table,0,O
,all,0,O
,that,0,O
,was,0,O
,for,0,O
,their,0,O
,dinner,0,O
,was,0,O
,contained,0,O
,in,0,O
,a,0,O
,very,0,O
,long-necked,0,O
,jar,0,O
,with,0,O
,a,0,O
,narrow,0,O
,mouth,0,O
,",",0,O
,in,0,O
,which,0,O
,the,0,O
,Fox,0,B-per
,could,0,O
,not,0,O
,insert,0,O
,his,0,O
,snout,0,O
,",",0,O
,so,0,O
,all,0,O
,he,0,O
,could,0,O
,manage,0,O
,to,0,O
,do,0,O
,was,0,O
,to,0,O
,lick,0,O
,the,0,O
,outside,0,O
,of,0,O
,the,0,O
,jar,0,O
,.,0,O
Sentence: 6,“,0,O
,I,0,O
,will,0,O
,not,0,O
,apologise,0,O
,for,0,O
,the,0,O
,dinner,0,O
,",",0,O
,”,0,O
,said,0,O
,the,0,O
,Stork,0,B-per
,:,0,O
,“,0,O
,One,0,O
,bad,0,O
,turn,0,O
,deserves,0,O
,another,0,O
,.,0,O
,”,0,O
Sentence: 1,One,0,O
,wintry,0,O
,day,0,O
,a,0,O
,Woodman,0,B-per
,was,0,O
,tramping,0,O
,home,0,O
,from,0,O
,his,0,O
,work,0,O
,when,0,O
,he,0,O
,saw,0,O
,something,0,O
,black,0,O
,lying,0,O
,on,0,O
,the,0,O
,snow,0,O
,.,0,O
Sentence: 2,When,0,O
,he,0,O
,came,0,O
,closer,0,O
,he,0,O
,saw,0,O
,it,0,O
,was,0,O
,a,0,O
,Serpent,0,B-per
,to,0,O
,all,0,O
,appearance,0,O
,dead,0,O
,.,0,O
Sentence: 3,But,0,O
,he,0,O
,took,0,O
,it,0,O
,up,0,O
,and,0,O
,put,0,O
,it,0,O
,in,0,O
,his,0,O
,bosom,0,O
,to,0,O
,warm,0,O
,while,0,O
,he,0,O
,hurried,0,O
,home,0,O
,.,0,O
Sentence: 4,As,0,O
,soon,0,O
,as,0,O
,he,0,O
,got,0,O
,indoors,0,O
,he,0,O
,put,0,O
,the,0,O
,Serpent,0,B-per
,down,0,O
,on,0,O
,the,0,O
,hearth,0,O
,before,0,O
,the,0,O
,fire,0,O
,.,0,O
Sentence: 5,The,0,O
,children,0,O
,watched,0,O
,it,0,O
,and,0,O
,saw,0,O
,it,0,O
,slowly,0,O
,come,0,O
,to,0,O
,life,0,O
,again,0,O
,.,0,O
Sentence: 6,Then,0,O
,one,0,O
,of,0,O
,them,0,O
,stooped,0,O
,down,0,O
,to,0,O
,stroke,0,O
,it,0,O
,",",0,O
,but,0,O
,the,0,O
,Serpent,0,B-per
,raised,0,O
,its,0,O
,head,0,O
,and,0,O
,put,0,O
,out,0,O
,its,0,O
,fangs,0,O
,and,0,O
,was,0,O
,about,0,O
,to,0,O
,sting,0,O
,the,0,O
,child,0,O
,to,0,O
,death,0,O
,.,0,O
Sentence: 7,So,0,O
,the,0,O
,Woodman,0,B-per
,seized,0,O
,his,0,O
,axe,0,O
,",",0,O
,and,0,O
,with,0,O
,one,0,O
,stroke,0,O
,cut,0,O
,the,0,O
,Serpent,0,B-per
,in,0,O
,two,0,O
,.,0,O
Sentence: 8,“,0,O
,Ah,0,O
,",",0,O
,”,0,O
,said,0,O
,he,0,O
,",",0,O
,“,0,O
,No,0,O
,gratitude,0,O
,from,0,O
,the,0,O
,wicked,0,O
,.,0,O
,”,0,O
Sentence: 1,By,0,O
,an,0,O
,unlucky,0,O
,chance,0,O
,a,0,O
,Fox,0,B-per
,fell,0,O
,into,0,O
,a,0,O
,deep,0,O
,well,0,O
,from,0,O
,which,0,O
,he,0,O
,could,0,O
,not,0,O
,get,0,O
,out,0,O
,.,0,O
Sentence: 2,A,0,O
,Goat,0,B-per
,passed,0,O
,by,0,O
,shortly,0,O
,afterwards,0,O
,",",0,O
,and,0,O
,asked,0,O
,the,0,O
,Fox,0,B-per
,what,0,O
,he,0,O
,was,0,O
,doing,0,O
,down,0,O
,there,0,O
,.,0,O
Sentence: 3,“,0,O
,Oh,0,O
,",",0,O
,have,0,O
,you,0,O
,not,0,O
,heard,0,O
,?,0,O
,”,0,O
,said,0,O
,the,0,O
,Fox,0,B-per
,;,0,O
,“,0,O
,there,0,O
,is,0,O
,going,0,O
,to,0,O
,be,0,O
,a,0,O
,great,0,O
,drought,0,O
,",",0,O
,so,0,O
,I,0,O
,jumped,0,O
,down,0,O
,here,0,O
,in,0,O
,order,0,O
,to,0,O
,be,0,O
,sure,0,O
,to,0,O
,have,0,O
,water,0,O
,by,0,O
,me,0,O
,.,0,O
Sentence: 4,Why,0,O
,don,0,O
,’,0,O
,t,0,O
,you,0,O
,come,0,O
,down,0,O
,too,0,O
,?,0,O
,”,0,O
,The,0,O
,Goat,0,B-per
,thought,0,O
,well,0,O
,of,0,O
,this,0,O
,advice,0,O
,",",0,O
,and,0,O
,jumped,0,O
,down,0,O
,into,0,O
,the,0,O
,well,0,O
,.,0,O
Sentence: 5,But,0,O
,the,0,O
,Fox,0,B-per
,immediately,0,O
,jumped,0,O
,on,0,O
,her,0,O
,back,0,O
,",",0,O
,and,0,O
,by,0,O
,putting,0,O
,his,0,O
,foot,0,O
,on,0,O
,her,0,O
,long,0,O
,horns,0,O
,managed,0,O
,to,0,O
,jump,0,O
,up,0,O
,to,0,O
,the,0,O
,edge,0,O
,of,0,O
,the,0,O
,well,0,O
,.,0,O
Sentence: 6,“,0,O
,Good-bye,0,O
,",",0,O
,friend,0,O
,",",0,O
,”,0,O
,said,0,O
,the,0,O
,Fox,0,B-per
,",",0,O
,“,0,O
,remember,0,O
,next,0,O
,time,0,O
,",",0,O
,“,0,O
,Never,0,O
,trust,0,O
,the,0,O
,advice,0,O
,of,0,O
,a,0,O
,man,0,O
,in,0,O
,difficulties,0,O
,.,0,O
,”,0,O
Sentence: 1,Once,0,O
,when,0,O
,a,0,O
,Lion,0,B-per
,was,0,O
,asleep,0,O
,a,0,O
,little,0,O
,Mouse,0,B-per
,began,0,O
,running,0,O
,up,0,O
,and,0,O
,down,0,O
,upon,0,O
,him,0,O
,;,0,O
,this,0,O
,soon,0,O
,wakened,0,O
,the,0,O
,Lion,0,B-per
,",",0,O
,who,0,O
,placed,0,O
,his,0,O
,huge,0,O
,paw,0,O
,upon,0,O
,him,0,O
,",",0,O
,and,0,O
,opened,0,O
,his,0,O
,big,0,O
,jaws,0,O
,to,0,O
,swallow,0,O
,him,0,O
,.,0,O
Sentence: 2,“,0,O
,Pardon,0,O
,",",0,O
,O,0,O
,King,0,B-per
,",",0,O
,”,0,O
,cried,0,O
,the,0,O
,little,0,O
,Mouse,0,B-per
,:,0,O
,“,0,O
,forgive,0,O
,me,0,O
,this,0,O
,time,0,O
,",",0,O
,I,0,O
,shall,0,O
,never,0,O
,forget,0,O
,it,0,O
,:,0,O
,who,0,O
,knows,0,O
,but,0,O
,what,0,O
,I,0,O
,may,0,O
,be,0,O
,able,0,O
,to,0,O
,do,0,O
,you,0,O
,a,0,O
,turn,0,O
,some,0,O
,of,0,O
,these,0,O
,days,0,O
,?,0,O
,”,0,O
,The,0,O
,Lion,0,B-per
,was,0,O
,so,0,O
,tickled,0,O
,at,0,O
,the,0,O
,idea,0,O
,of,0,O
,the,0,O
,Mouse,0,B-per
,being,0,O
,able,0,O
,to,0,O
,help,0,O
,him,0,O
,",",0,O
,that,0,O
,he,0,O
,lifted,0,O
,up,0,O
,his,0,O
,paw,0,O
,and,0,O
,let,0,O
,him,0,O
,go,0,O
,.,0,O
Sentence: 3,Some,0,O
,time,0,O
,after,0,O
,the,0,O
,Lion,0,B-per
,was,0,O
,caught,0,O
,in,0,O
,a,0,O
,trap,0,O
,",",0,O
,and,0,O
,the,0,O
,hunters,0,B-per
,who,0,O
,desired,0,O
,to,0,O
,carry,0,O
,him,0,O
,alive,0,O
,to,0,O
,the,0,O
,King,0,B-per
,",",0,O
,tied,0,O
,him,0,O
,to,0,O
,a,0,O
,tree,0,O
,while,0,O
,they,0,O
,went,0,O
,in,0,O
,search,0,O
,of,0,O
,a,0,O
,waggon,0,O
,to,0,O
,carry,0,O
,him,0,O
,on,0,O
,.,0,O
Sentence: 4,Just,0,O
,then,0,O
,the,0,O
,little,0,O
,Mouse,0,B-per
,happened,0,O
,to,0,O
,pass,0,O
,by,0,O
,",",0,O
,and,0,O
,seeing,0,O
,the,0,O
,sad,0,O
,plight,0,O
,in,0,O
,which,0,O
,the,0,O
,Lion,0,B-per
,was,0,O
,",",0,O
,went,0,O
,up,0,O
,to,0,O
,him,0,O
,and,0,O
,soon,0,O
,gnawed,0,O
,away,0,O
,the,0,O
,ropes,0,O
,that,0,O
,bound,0,O
,the,0,O
,King,0,B-per
,of,0,O
,the,0,O
,Beasts,0,O
,.,0,O
Sentence: 5,“,0,O
,Was,0,O
,I,0,O
,not,0,O
,right,0,O
,?,0,O
,”,0,O
,said,0,O
,the,0,O
,little,0,O
,Mouse,0,B-per
,.,0,O
Sentence: 6,Little,0,O
,friends,0,O
,may,0,O
,prove,0,O
,great,0,O
,friends,0,O
,.,0,O
Sentence: 1,When,0,O
,first,0,O
,the,0,O
,Fox,0,B-per
,saw,0,O
,the,0,O
,Lion,0,B-per
,he,0,O
,was,0,O
,terribly,0,O
,frightened,0,O
,",",0,O
,and,0,O
,ran,0,O
,away,0,O
,and,0,O
,hid,0,O
,himself,0,O
,in,0,O
,the,0,O
,wood,0,O
,.,0,O
Sentence: 2,Next,0,O
,time,0,O
,however,0,O
,he,0,O
,came,0,O
,near,0,O
,the,0,O
,King,0,O
,of,0,O
,Beasts,0,O
,he,0,O
,stopped,0,O
,at,0,O
,a,0,O
,safe,0,O
,distance,0,O
,and,0,O
,watched,0,O
,him,0,O
,pass,0,O
,by,0,O
,.,0,O
Sentence: 3,The,0,O
,third,0,O
,time,0,O
,they,0,O
,came,0,O
,near,0,O
,one,0,O
,another,0,O
,the,0,O
,Fox,0,B-per
,went,0,O
,straight,0,O
,up,0,O
,to,0,O
,the,0,O
,Lion,0,B-per
,and,0,O
,passed,0,O
,the,0,O
,time,0,O
,of,0,O
,day,0,O
,with,0,O
,him,0,O
,",",0,O
,asking,0,O
,him,0,O
,how,0,O
,his,0,O
,family,0,O
,were,0,O
,",",0,O
,and,0,O
,when,0,O
,he,0,O
,should,0,O
,have,0,O
,the,0,O
,pleasure,0,O
,of,0,O
,seeing,0,O
,him,0,O
,again,0,O
,;,0,O
,then,0,O
,turning,0,O
,his,0,O
,tail,0,O
,",",0,O
,he,0,O
,parted,0,O
,from,0,O
,the,0,O
,Lion,0,B-per
,without,0,O
,much,0,O
,ceremony,0,O
,.,0,O
Sentence: 4,Familiarity,0,O
,breeds,0,O
,contempt,0,O
,.,0,O
Sentence: 1,Now,0,O
,you,0,O
,must,0,O
,know,0,O
,that,0,O
,a,0,O
,Town,0,B-per
,Mouse,0,B-per
,once,0,O
,upon,0,O
,a,0,O
,time,0,O
,went,0,O
,on,0,O
,a,0,O
,visit,0,O
,to,0,O
,his,0,O
,cousin,0,O
,in,0,O
,the,0,O
,country,0,B-per
,.,0,O
Sentence: 2,He,0,O
,was,0,O
,rough,0,O
,and,0,O
,ready,0,O
,",",0,O
,this,0,O
,cousin,0,O
,",",0,O
,but,0,O
,he,0,O
,loved,0,O
,his,0,O
,town,0,B-per
,friend,0,O
,and,0,O
,made,0,O
,him,0,O
,heartily,0,O
,welcome,0,O
,.,0,O
Sentence: 3,Beans,0,O
,and,0,O
,bacon,0,O
,",",0,O
,cheese,0,O
,and,0,O
,bread,0,O
,",",0,O
,were,0,O
,all,0,O
,he,0,O
,had,0,O
,to,0,O
,offer,0,O
,",",0,O
,but,0,O
,he,0,O
,offered,0,O
,them,0,O
,freely,0,O
,.,0,O
Sentence: 4,The,0,O
,Town,0,B-per
,Mouse,0,B-per
,rather,0,O
,turned,0,O
,up,0,O
,his,0,O
,long,0,O
,nose,0,O
,at,0,O
,this,0,O
,country,0,B-per
,fare,0,O
,",",0,O
,and,0,O
,said,0,O
,:,0,O
,“,0,O
,I,0,O
,can,0,O
,not,0,O
,understand,0,O
,",",0,O
,Cousin,0,O
,",",0,O
,how,0,O
,you,0,O
,can,0,O
,put,0,O
,up,0,O
,with,0,O
,such,0,O
,poor,0,O
,food,0,O
,as,0,O
,this,0,O
,",",0,O
,but,0,O
,of,0,O
,course,0,O
,you,0,O
,can,0,O
,not,0,O
,expect,0,O
,anything,0,O
,better,0,O
,in,0,O
,the,0,O
,country,0,B-per
,;,0,O
,come,0,O
,you,0,O
,with,0,O
,me,0,O
,and,0,O
,I,0,O
,will,0,O
,show,0,O
,you,0,O
,how,0,O
,to,0,O
,live,0,O
,.,0,O
Sentence: 5,When,0,O
,you,0,O
,have,0,O
,been,0,O
,in,0,O
,town,0,B-per
,a,0,O
,week,0,O
,you,0,O
,will,0,O
,wonder,0,O
,how,0,O
,you,0,O
,could,0,O
,ever,0,O
,have,0,O
,stood,0,O
,a,0,O
,country,0,B-per
,life.,0,O
,”,0,O
,No,0,O
,sooner,0,O
,said,0,O
,than,0,O
,done,0,O
,:,0,O
,the,0,O
,two,0,O
,mice,0,O
,set,0,O
,off,0,O
,for,0,O
,the,0,O
,town,0,B-per
,and,0,O
,arrived,0,O
,at,0,O
,the,0,O
,Town,0,B-per
,Mouse,0,B-per
,’,0,O
,s,0,O
,residence,0,O
,late,0,O
,at,0,O
,night,0,O
,.,0,O
Sentence: 6,“,0,O
,You,0,O
,will,0,O
,want,0,O
,some,0,O
,refreshment,0,O
,after,0,O
,our,0,O
,long,0,O
,journey,0,O
,",",0,O
,”,0,O
,said,0,O
,the,0,O
,polite,0,O
,Town,0,B-per
,Mouse,0,B-per
,",",0,O
,and,0,O
,took,0,O
,his,0,O
,friend,0,O
,into,0,O
,the,0,O
,grand,0,O
,dining-room,0,O
,.,0,O
Sentence: 7,There,0,O
,they,0,O
,found,0,O
,the,0,O
,remains,0,O
,of,0,O
,a,0,O
,fine,0,O
,feast,0,O
,",",0,O
,and,0,O
,soon,0,O
,the,0,O
,two,0,O
,mice,0,O
,were,0,O
,eating,0,O
,up,0,O
,jellies,0,O
,and,0,O
,cakes,0,O
,and,0,O
,all,0,O
,that,0,O
,was,0,O
,nice,0,O
,.,0,O
Sentence: 8,Suddenly,0,O
,they,0,O
,heard,0,O
,growling,0,O
,and,0,O
,barking,0,O
,.,0,O
Sentence: 9,“,0,O
,What,0,O
,is,0,O
,that,0,O
,?,0,O
,”,0,O
,said,0,O
,the,0,O
,Country,0,B-per
,Mouse,0,B-per
,.,0,O
Sentence: 10,“,0,O
,It,0,O
,is,0,O
,only,0,O
,the,0,O
,dogs,0,B-per
,of,0,O
,the,0,O
,house,0,O
,",",0,O
,”,0,O
,answered,0,O
,the,0,O
,other,0,O
,.,0,O
Sentence: 11,“,0,O
,Only,0,O
,!,0,O
,”,0,O
,said,0,O
,the,0,O
,Country,0,B-per
,Mouse,0,B-per
,.,0,O
Sentence: 12,“,0,O
,I,0,O
,do,0,O
,not,0,O
,like,0,O
,that,0,O
,music,0,O
,at,0,O
,my,0,O
,dinner.,0,O
,”,0,O
,Just,0,O
,at,0,O
,that,0,O
,moment,0,O
,the,0,O
,door,0,O
,flew,0,O
,open,0,O
,",",0,O
,in,0,O
,came,0,O
,two,0,O
,huge,0,O
,mastiffs,0,O
,",",0,O
,and,0,O
,the,0,O
,two,0,O
,mice,0,O
,had,0,O
,to,0,O
,scamper,0,O
,down,0,O
,and,0,O
,run,0,O
,off,0,O
,.,0,O
Sentence: 13,“,0,O
,Good-bye,0,O
,",",0,O
,Cousin,0,O
,",",0,O
,”,0,O
,said,0,O
,the,0,O
,Country,0,B-per
,Mouse,0,B-per
,.,0,O
Sentence: 14,“,0,O
,What,0,O
,!,0,O
Sentence: 15,going,0,O
,so,0,O
,soon,0,O
,?,0,O
,”,0,O
,said,0,O
,the,0,O
,other,0,O
,.,0,O
Sentence: 16,“,0,O
,Yes,0,O
,",",0,O
,”,0,O
,he,0,O
,replied,0,O
,;,0,O
,“,0,O
,Better,0,O
,beans,0,O
,and,0,O
,bacon,0,O
,in,0,O
,peace,0,O
,than,0,O
,cakes,0,O
,and,0,O
,ale,0,O
,in,0,O
,fear,0,O
,.,0,O
,”,0,O
Sentence: 1,An,0,O
,old,0,O
,man,0,B-per
,on,0,O
,the,0,O
,point,0,O
,of,0,O
,death,0,O
,summoned,0,O
,his,0,O
,sons,0,B-per
,around,0,O
,him,0,O
,to,0,O
,give,0,O
,them,0,O
,some,0,O
,parting,0,O
,advice,0,O
,.,0,O
Sentence: 2,He,0,O
,ordered,0,O
,his,0,O
,servants,0,O
,to,0,O
,bring,0,O
,in,0,O
,a,0,O
,faggot,0,O
,of,0,O
,sticks,0,O
,",",0,O
,and,0,O
,said,0,O
,to,0,O
,his,0,O
,eldest,0,O
,son,0,O
,:,0,O
,“,0,O
,Break,0,O
,it.,0,O
,”,0,O
,The,0,O
,son,0,O
,strained,0,O
,and,0,O
,strained,0,O
,",",0,O
,but,0,O
,with,0,O
,all,0,O
,his,0,O
,efforts,0,O
,was,0,O
,unable,0,O
,to,0,O
,break,0,O
,the,0,O
,Bundle,0,O
,.,0,O
Sentence: 3,The,0,O
,other,0,O
,sons,0,B-per
,also,0,O
,tried,0,O
,",",0,O
,but,0,O
,none,0,O
,of,0,O
,them,0,O
,was,0,O
,successful,0,O
,.,0,O
Sentence: 4,“,0,O
,Untie,0,O
,the,0,O
,faggots,0,O
,",",0,O
,”,0,O
,said,0,O
,the,0,O
,father,0,O
,",",0,O
,“,0,O
,and,0,O
,each,0,O
,of,0,O
,you,0,O
,take,0,O
,a,0,O
,stick.,0,O
,”,0,O
,When,0,O
,they,0,O
,had,0,O
,done,0,O
,so,0,O
,",",0,O
,he,0,O
,called,0,O
,out,0,O
,to,0,O
,them,0,O
,:,0,O
,“,0,O
,Now,0,O
,",",0,O
,break,0,O
,",",0,O
,”,0,O
,and,0,O
,each,0,O
,stick,0,O
,was,0,O
,easily,0,O
,broken,0,O
,.,0,O
Sentence: 5,“,0,O
,You,0,O
,see,0,O
,my,0,O
,meaning,0,O
,",",0,O
,”,0,O
,said,0,O
,their,0,O
,father,0,O
,.,0,O
Sentence: 6,Union,0,O
,gives,0,O
,strength,0,O
,.,0,O
Sentence: 1,A,0,O
,Crow,0,B-per
,",",0,O
,half-dead,0,O
,with,0,O
,thirst,0,O
,",",0,O
,came,0,O
,upon,0,O
,a,0,O
,Pitcher,0,B-per
,which,0,O
,had,0,O
,once,0,O
,been,0,O
,full,0,O
,of,0,O
,water,0,O
,;,0,O
,but,0,O
,when,0,O
,the,0,O
,Crow,0,B-per
,put,0,O
,its,0,O
,beak,0,O
,into,0,O
,the,0,O
,mouth,0,O
,of,0,O
,the,0,O
,Pitcher,0,B-per
,he,0,O
,found,0,O
,that,0,O
,only,0,O
,very,0,O
,little,0,O
,water,0,O
,was,0,O
,left,0,O
,in,0,O
,it,0,O
,",",0,O
,and,0,O
,that,0,O
,he,0,O
,could,0,O
,not,0,O
,reach,0,O
,far,0,O
,enough,0,O
,down,0,O
,to,0,O
,get,0,O
,at,0,O
,it,0,O
,.,0,O
Sentence: 2,He,0,O
,tried,0,O
,",",0,O
,and,0,O
,he,0,O
,tried,0,O
,",",0,O
,but,0,O
,at,0,O
,last,0,O
,had,0,O
,to,0,O
,give,0,O
,up,0,O
,in,0,O
,despair,0,O
,.,0,O
Sentence: 3,Then,0,O
,a,0,O
,thought,0,O
,came,0,O
,to,0,O
,him,0,O
,",",0,O
,and,0,O
,he,0,O
,took,0,O
,a,0,O
,pebble,0,O
,and,0,O
,dropped,0,O
,it,0,O
,into,0,O
,the,0,O
,Pitcher,0,B-per
,.,0,O
Sentence: 4,Then,0,O
,he,0,O
,took,0,O
,another,0,O
,pebble,0,O
,and,0,O
,dropped,0,O
,it,0,O
,into,0,O
,the,0,O
,Pitcher,0,B-per
,.,0,O
Sentence: 5,Then,0,O
,he,0,O
,took,0,O
,another,0,O
,pebble,0,O
,and,0,O
,dropped,0,O
,that,0,O
,into,0,O
,the,0,O
,Pitcher,0,B-per
,.,0,O
Sentence: 6,Then,0,O
,he,0,O
,took,0,O
,another,0,O
,pebble,0,O
,and,0,O
,dropped,0,O
,that,0,O
,into,0,O
,the,0,O
,Pitcher,0,B-per
,.,0,O
Sentence: 7,Then,0,O
,he,0,O
,took,0,O
,another,0,O
,pebble,0,O
,and,0,O
,dropped,0,O
,that,0,O
,into,0,O
,the,0,O
,Pitcher,0,B-per
,.,0,O
Sentence: 8,Then,0,O
,he,0,O
,took,0,O
,another,0,O
,pebble,0,O
,and,0,O
,dropped,0,O
,that,0,O
,into,0,O
,the,0,O
,Pitcher,0,B-per
,.,0,O
Sentence: 9,At,0,O
,last,0,O
,",",0,O
,at,0,O
,last,0,O
,",",0,O
,he,0,O
,saw,0,O
,the,0,O
,water,0,O
,mount,0,O
,up,0,O
,near,0,O
,him,0,O
,",",0,O
,and,0,O
,after,0,O
,casting,0,O
,in,0,O
,a,0,O
,few,0,O
,more,0,O
,pebbles,0,O
,he,0,O
,was,0,O
,able,0,O
,to,0,O
,quench,0,O
,his,0,O
,thirst,0,O
,and,0,O
,save,0,O
,his,0,O
,life,0,O
,.,0,O
Sentence: 10,Little,0,O
,by,0,O
,little,0,O
,does,0,O
,the,0,O
,trick,0,O
,.,0,O
Sentence: 1,A,0,O
,Jay,0,B-per
,venturing,0,O
,into,0,O
,a,0,O
,yard,0,O
,where,0,O
,Peacocks,0,B-per
,used,0,O
,to,0,O
,walk,0,O
,",",0,O
,found,0,O
,there,0,O
,a,0,O
,number,0,O
,of,0,O
,feathers,0,O
,which,0,O
,had,0,O
,fallen,0,O
,from,0,O
,the,0,O
,Peacocks,0,B-per
,when,0,O
,they,0,O
,were,0,O
,moulting,0,O
,.,0,O
Sentence: 2,He,0,O
,tied,0,O
,them,0,O
,all,0,O
,to,0,O
,his,0,O
,tail,0,O
,and,0,O
,strutted,0,O
,down,0,O
,towards,0,O
,the,0,O
,Peacocks,0,B-per
,.,0,O
Sentence: 3,When,0,O
,he,0,O
,came,0,O
,near,0,O
,them,0,O
,they,0,O
,soon,0,O
,discovered,0,O
,the,0,O
,cheat,0,O
,",",0,O
,and,0,O
,striding,0,O
,up,0,O
,to,0,O
,him,0,O
,pecked,0,O
,at,0,O
,him,0,O
,and,0,O
,plucked,0,O
,away,0,O
,his,0,O
,borrowed,0,O
,plumes,0,O
,.,0,O
Sentence: 4,So,0,O
,the,0,O
,Jay,0,B-per
,could,0,O
,do,0,O
,no,0,O
,better,0,O
,than,0,O
,go,0,O
,back,0,O
,to,0,O
,the,0,O
,other,0,O
,Jays,0,B-per
,",",0,O
,who,0,O
,had,0,O
,watched,0,O
,his,0,O
,behaviour,0,O
,from,0,O
,a,0,O
,distance,0,O
,;,0,O
,but,0,O
,they,0,O
,were,0,O
,equally,0,O
,annoyed,0,O
,with,0,O
,him,0,O
,",",0,O
,and,0,O
,told,0,O
,him,0,O
,:,0,O
,“,0,O
,It,0,O
,is,0,O
,not,0,O
,only,0,O
,fine,0,O
,feathers,0,O
,that,0,O
,make,0,O
,fine,0,O
,birds,0,O
,.,0,O
,”,0,O
Sentence: 1,It,0,O
,happened,0,O
,that,0,O
,a,0,O
,Countryman,0,B-per
,was,0,O
,sowing,0,O
,some,0,O
,hemp,0,O
,seeds,0,O
,in,0,O
,a,0,O
,field,0,O
,where,0,O
,a,0,O
,Swallow,0,B-per
,and,0,O
,some,0,O
,other,0,O
,birds,0,B-per
,were,0,O
,hopping,0,O
,about,0,O
,picking,0,O
,up,0,O
,their,0,O
,food,0,O
,.,0,O
Sentence: 2,“,0,O
,Beware,0,O
,of,0,O
,that,0,O
,man,0,O
,",",0,O
,”,0,O
,quoth,0,O
,the,0,O
,Swallow,0,B-per
,.,0,O
Sentence: 3,“,0,O
,Why,0,O
,",",0,O
,what,0,O
,is,0,O
,he,0,O
,doing,0,O
,?,0,O
,”,0,O
,said,0,O
,the,0,O
,others,0,O
,.,0,O
Sentence: 4,“,0,O
,That,0,O
,is,0,O
,hemp,0,O
,seed,0,O
,he,0,O
,is,0,O
,sowing,0,O
,;,0,O
,be,0,O
,careful,0,O
,to,0,O
,pick,0,O
,up,0,O
,every,0,O
,one,0,O
,of,0,O
,the,0,O
,seeds,0,O
,",",0,O
,or,0,O
,else,0,O
,you,0,O
,will,0,O
,repent,0,O
,it.,0,O
,”,0,O
,The,0,O
,birds,0,B-per
,paid,0,O
,no,0,O
,heed,0,O
,to,0,O
,the,0,O
,Swallow,0,B-per
,’,0,O
,s,0,O
,words,0,O
,",",0,O
,and,0,O
,by,0,O
,and,0,O
,by,0,O
,the,0,O
,hemp,0,O
,grew,0,O
,up,0,O
,and,0,O
,was,0,O
,made,0,O
,into,0,O
,cord,0,O
,",",0,O
,and,0,O
,of,0,O
,the,0,O
,cords,0,O
,nets,0,O
,were,0,O
,made,0,O
,",",0,O
,and,0,O
,many,0,O
,a,0,O
,bird,0,O
,that,0,O
,had,0,O
,despised,0,O
,the,0,O
,Swallow,0,B-per
,’,0,O
,s,0,O
,advice,0,O
,was,0,O
,caught,0,O
,in,0,O
,nets,0,O
,made,0,O
,out,0,O
,of,0,O
,that,0,O
,very,0,O
,hemp,0,O
,.,0,O
Sentence: 5,“,0,O
,What,0,O
,did,0,O
,I,0,O
,tell,0,O
,you,0,O
,?,0,O
,”,0,O
,said,0,O
,the,0,O
,Swallow,0,B-per
,.,0,O
Sentence: 6,Destroy,0,O
,the,0,O
,seed,0,O
,of,0,O
,evil,0,O
,",",0,O
,or,0,O
,it,0,O
,will,0,O
,grow,0,O
,up,0,O
,to,0,O
,your,0,O
,ruin,0,O
,.,0,O
Sentence: 1,A,0,O
,Fox,0,B-per
,once,0,O
,saw,0,O
,a,0,O
,Crow,0,B-per
,fly,0,O
,off,0,O
,with,0,O
,a,0,O
,piece,0,O
,of,0,O
,cheese,0,O
,in,0,O
,its,0,O
,beak,0,O
,and,0,O
,settle,0,O
,on,0,O
,a,0,O
,branch,0,O
,of,0,O
,a,0,O
,tree,0,O
,.,0,O
Sentence: 2,“,0,O
,That,0,O
,’,0,O
,s,0,O
,for,0,O
,me,0,O
,",",0,O
,as,0,O
,I,0,O
,am,0,O
,a,0,O
,Fox,0,B-per
,",",0,O
,”,0,O
,said,0,O
,Master,0,O
,Reynard,0,O
,",",0,O
,and,0,O
,he,0,O
,walked,0,O
,up,0,O
,to,0,O
,the,0,O
,foot,0,O
,of,0,O
,the,0,O
,tree,0,O
,.,0,O
Sentence: 3,“,0,O
,Good-day,0,O
,",",0,O
,Mistress,0,O
,Crow,0,B-per
,",",0,O
,”,0,O
,he,0,O
,cried,0,O
,.,0,O
Sentence: 4,“,0,O
,How,0,O
,well,0,O
,you,0,O
,are,0,O
,looking,0,O
,to-day,0,O
,:,0,O
,how,0,O
,glossy,0,O
,your,0,O
,feathers,0,O
,;,0,O
,how,0,O
,bright,0,O
,your,0,O
,eye,0,O
,.,0,O
Sentence: 5,I,0,O
,feel,0,O
,sure,0,O
,your,0,O
,voice,0,O
,must,0,O
,surpass,0,O
,that,0,O
,of,0,O
,other,0,O
,birds,0,O
,",",0,O
,just,0,O
,as,0,O
,your,0,O
,figure,0,O
,does,0,O
,;,0,O
,let,0,O
,me,0,O
,hear,0,O
,but,0,O
,one,0,O
,song,0,O
,from,0,O
,you,0,O
,that,0,O
,I,0,O
,may,0,O
,greet,0,O
,you,0,O
,as,0,O
,the,0,O
,Queen,0,O
,of,0,O
,Birds.,0,O
,”,0,O
,The,0,O
,Crow,0,B-per
,lifted,0,O
,up,0,O
,her,0,O
,head,0,O
,and,0,O
,began,0,O
,to,0,O
,caw,0,O
,her,0,O
,best,0,O
,",",0,O
,but,0,O
,the,0,O
,moment,0,O
,she,0,O
,opened,0,O
,her,0,O
,mouth,0,O
,the,0,O
,piece,0,O
,of,0,O
,cheese,0,O
,fell,0,O
,to,0,O
,the,0,O
,ground,0,O
,",",0,O
,only,0,O
,to,0,O
,be,0,O
,snapped,0,O
,up,0,O
,by,0,O
,Master,0,O
,Fox,0,B-per
,.,0,O
Sentence: 6,“,0,O
,That,0,O
,will,0,O
,do,0,O
,",",0,O
,”,0,O
,said,0,O
,he,0,O
,.,0,O
Sentence: 7,“,0,O
,That,0,O
,was,0,O
,all,0,O
,I,0,O
,wanted,0,O
,.,0,O
Sentence: 8,In,0,O
,exchange,0,O
,for,0,O
,your,0,O
,cheese,0,O
,I,0,O
,will,0,O
,give,0,O
,you,0,O
,a,0,O
,piece,0,O
,of,0,O
,advice,0,O
,for,0,O
,the,0,O
,future—,0,O
,“,0,O
,Do,0,O
,not,0,O
,trust,0,O
,flatterers.,0,O
,”,0,O
,The,0,O
,Flatter,0,O
,doth,0,O
,rob,0,O
,by,0,O
,stealth,0,O
,",",0,O
,His,0,O
,victim,0,O
,",",0,O
,both,0,O
,of,0,O
,Wit,0,O
,and,0,O
,Wealth,0,O
,.,0,O
Sentence: 1,There,0,O
,was,0,O
,once,0,O
,a,0,O
,Bald,0,B-per
,Man,0,B-per
,who,0,O
,sat,0,O
,down,0,O
,after,0,O
,work,0,O
,on,0,O
,a,0,O
,hot,0,O
,summer,0,O
,’,0,O
,s,0,O
,day,0,O
,.,0,O
Sentence: 2,A,0,O
,Fly,0,B-per
,came,0,O
,up,0,O
,and,0,O
,kept,0,O
,buzzing,0,O
,about,0,O
,his,0,O
,bald,0,B-per
,pate,0,O
,",",0,O
,and,0,O
,stinging,0,O
,him,0,O
,from,0,O
,time,0,O
,to,0,O
,time,0,O
,.,0,O
Sentence: 3,The,0,O
,Man,0,B-per
,aimed,0,O
,a,0,O
,blow,0,O
,at,0,O
,his,0,O
,little,0,O
,enemy,0,O
,",",0,O
,but—_whack_—his,0,O
,palm,0,O
,came,0,O
,on,0,O
,his,0,O
,head,0,O
,instead,0,O
,;,0,O
,again,0,O
,the,0,O
,Fly,0,B-per
,tormented,0,O
,him,0,O
,",",0,O
,but,0,O
,this,0,O
,time,0,O
,the,0,O
,Man,0,B-per
,was,0,O
,wiser,0,O
,and,0,O
,said,0,O
,:,0,O
,“,0,O
,You,0,O
,will,0,O
,only,0,O
,injure,0,O
,yourself,0,O
,if,0,O
,you,0,O
,take,0,O
,notice,0,O
,of,0,O
,despicable,0,O
,enemies,0,O
,.,0,O
,”,0,O
Sentence: 1,A,0,O
,Countryman,0,B-per
,’,0,O
,s,0,O
,son,0,O
,by,0,O
,accident,0,O
,trod,0,O
,upon,0,O
,a,0,O
,Serpent,0,B-per
,’,0,O
,s,0,O
,tail,0,O
,",",0,O
,which,0,O
,turned,0,O
,and,0,O
,bit,0,O
,him,0,O
,so,0,O
,that,0,O
,he,0,O
,died,0,O
,.,0,O
Sentence: 2,The,0,O
,father,0,O
,in,0,O
,a,0,O
,rage,0,O
,got,0,O
,his,0,O
,axe,0,O
,",",0,O
,and,0,O
,pursuing,0,O
,the,0,O
,Serpent,0,B-per
,",",0,O
,cut,0,O
,off,0,O
,part,0,O
,of,0,O
,its,0,O
,tail,0,O
,.,0,O
Sentence: 3,So,0,O
,the,0,O
,Serpent,0,B-per
,in,0,O
,revenge,0,O
,began,0,O
,stinging,0,O
,several,0,O
,of,0,O
,the,0,O
,Farmer,0,O
,’,0,O
,s,0,O
,cattle,0,O
,and,0,O
,caused,0,O
,him,0,O
,severe,0,O
,loss,0,O
,.,0,O
Sentence: 4,Well,0,O
,",",0,O
,the,0,O
,Farmer,0,O
,thought,0,O
,it,0,O
,best,0,O
,to,0,O
,make,0,O
,it,0,O
,up,0,O
,with,0,O
,the,0,O
,Serpent,0,B-per
,",",0,O
,and,0,O
,brought,0,O
,food,0,O
,and,0,O
,honey,0,O
,to,0,O
,the,0,O
,mouth,0,O
,of,0,O
,its,0,O
,lair,0,O
,",",0,O
,and,0,O
,said,0,O
,to,0,O
,it,0,O
,:,0,O
,“,0,O
,Let,0,O
,’,0,O
,s,0,O
,forget,0,O
,and,0,O
,forgive,0,O
,;,0,O
,perhaps,0,O
,you,0,O
,were,0,O
,right,0,O
,to,0,O
,punish,0,O
,my,0,O
,son,0,O
,",",0,O
,and,0,O
,take,0,O
,vengeance,0,O
,on,0,O
,my,0,O
,cattle,0,O
,",",0,O
,but,0,O
,surely,0,O
,I,0,O
,was,0,O
,right,0,O
,in,0,O
,trying,0,O
,to,0,O
,revenge,0,O
,him,0,O
,;,0,O
,now,0,O
,that,0,O
,we,0,O
,are,0,O
,both,0,O
,satisfied,0,O
,why,0,O
,should,0,O
,not,0,O
,we,0,O
,be,0,O
,friends,0,O
,again,0,O
,?,0,O
,”,0,O
,“,0,O
,No,0,O
,",",0,O
,no,0,O
,",",0,O
,”,0,O
,said,0,O
,the,0,O
,Serpent,0,B-per
,;,0,O
,“,0,O
,take,0,O
,away,0,O
,your,0,O
,gifts,0,O
,;,0,O
,you,0,O
,can,0,O
,never,0,O
,forget,0,O
,the,0,O
,death,0,O
,of,0,O
,your,0,O
,son,0,O
,",",0,O
,nor,0,O
,I,0,O
,the,0,O
,loss,0,O
,of,0,O
,my,0,O
,tail.,0,O
,”,0,O
,Injuries,0,O
,may,0,O
,be,0,O
,forgiven,0,O
,",",0,O
,but,0,O
,not,0,O
,forgotten,0,O
,.,0,O
Sentence: 1,Long,0,O
,ago,0,O
,",",0,O
,the,0,O
,mice,0,B-per
,had,0,O
,a,0,O
,general,0,O
,council,0,O
,to,0,O
,consider,0,O
,what,0,O
,measures,0,O
,they,0,O
,could,0,O
,take,0,O
,to,0,O
,outwit,0,O
,their,0,O
,common,0,O
,enemy,0,O
,",",0,O
,the,0,O
,Cat,0,B-per
,.,0,O
Sentence: 2,Some,0,O
,said,0,O
,this,0,O
,",",0,O
,and,0,O
,some,0,O
,said,0,O
,that,0,O
,;,0,O
,but,0,O
,at,0,O
,last,0,O
,a,0,O
,young,0,O
,mouse,0,B-per
,got,0,O
,up,0,O
,and,0,O
,said,0,O
,he,0,O
,had,0,O
,a,0,O
,proposal,0,O
,to,0,O
,make,0,O
,",",0,O
,which,0,O
,he,0,O
,thought,0,O
,would,0,O
,meet,0,O
,the,0,O
,case,0,O
,.,0,O
Sentence: 3,“,0,O
,You,0,O
,will,0,O
,all,0,O
,agree,0,O
,",",0,O
,”,0,O
,said,0,O
,he,0,O
,",",0,O
,“,0,O
,that,0,O
,our,0,O
,chief,0,O
,danger,0,O
,consists,0,O
,in,0,O
,the,0,O
,sly,0,O
,and,0,O
,treacherous,0,O
,manner,0,O
,in,0,O
,which,0,O
,the,0,O
,enemy,0,O
,approaches,0,O
,us,0,O
,.,0,O
Sentence: 4,Now,0,O
,",",0,O
,if,0,O
,we,0,O
,could,0,O
,receive,0,O
,some,0,O
,signal,0,O
,of,0,O
,her,0,O
,approach,0,O
,",",0,O
,we,0,O
,could,0,O
,easily,0,O
,escape,0,O
,from,0,O
,her,0,O
,.,0,O
Sentence: 5,I,0,O
,venture,0,O
,",",0,O
,therefore,0,O
,",",0,O
,to,0,O
,propose,0,O
,that,0,O
,a,0,O
,small,0,O
,bell,0,O
,be,0,O
,procured,0,O
,",",0,O
,and,0,O
,attached,0,O
,by,0,O
,a,0,O
,ribbon,0,O
,round,0,O
,the,0,O
,neck,0,O
,of,0,O
,the,0,O
,Cat,0,B-per
,.,0,O
Sentence: 6,By,0,O
,this,0,O
,means,0,O
,we,0,O
,should,0,O
,always,0,O
,know,0,O
,when,0,O
,she,0,O
,was,0,O
,about,0,O
,",",0,O
,and,0,O
,could,0,O
,easily,0,O
,retire,0,O
,while,0,O
,she,0,O
,was,0,O
,in,0,O
,the,0,O
,neighbourhood.,0,O
,”,0,O
,This,0,O
,proposal,0,O
,met,0,O
,with,0,O
,general,0,O
,applause,0,O
,",",0,O
,until,0,O
,an,0,O
,old,0,O
,mouse,0,B-per
,got,0,O
,up,0,O
,and,0,O
,said,0,O
,:,0,O
,“,0,O
,That,0,O
,is,0,O
,all,0,O
,very,0,O
,well,0,O
,",",0,O
,but,0,O
,who,0,O
,is,0,O
,to,0,O
,bell,0,O
,the,0,O
,Cat,0,B-per
,?,0,O
,”,0,O
,The,0,O
,mice,0,B-per
,looked,0,O
,at,0,O
,one,0,O
,another,0,O
,and,0,O
,nobody,0,O
,spoke,0,O
,.,0,O
Sentence: 7,Then,0,O
,the,0,O
,old,0,O
,mouse,0,B-per
,said,0,O
,:,0,O
,“,0,O
,It,0,O
,is,0,O
,easy,0,O
,to,0,O
,propose,0,O
,impossible,0,O
,remedies,0,O
,.,0,O
,”,0,O
Sentence: 1,A,0,O
,Hare,0,B-per
,was,0,O
,very,0,O
,popular,0,O
,with,0,O
,the,0,O
,other,0,O
,beasts,0,O
,who,0,O
,all,0,O
,claimed,0,O
,to,0,O
,be,0,O
,her,0,O
,friends,0,O
,.,0,O
Sentence: 2,But,0,O
,one,0,O
,day,0,O
,she,0,O
,heard,0,O
,the,0,O
,hounds,0,B-per
,approaching,0,O
,and,0,O
,hoped,0,O
,to,0,O
,escape,0,O
,them,0,O
,by,0,O
,the,0,O
,aid,0,O
,of,0,O
,her,0,O
,many,0,O
,Friends,0,O
,.,0,O
Sentence: 3,So,0,O
,",",0,O
,she,0,O
,went,0,O
,to,0,O
,the,0,O
,horse,0,B-per
,",",0,O
,and,0,O
,asked,0,O
,him,0,O
,to,0,O
,carry,0,O
,her,0,O
,away,0,O
,from,0,O
,the,0,O
,hounds,0,B-per
,on,0,O
,his,0,O
,back,0,O
,.,0,O
Sentence: 4,But,0,O
,he,0,O
,declined,0,O
,",",0,O
,stating,0,O
,that,0,O
,he,0,O
,had,0,O
,important,0,O
,work,0,O
,to,0,O
,do,0,O
,for,0,O
,his,0,O
,master,0,O
,.,0,O
Sentence: 5,“,0,O
,He,0,O
,felt,0,O
,sure,0,O
,",",0,O
,”,0,O
,he,0,O
,said,0,O
,",",0,O
,“,0,O
,that,0,O
,all,0,O
,her,0,O
,other,0,O
,friends,0,O
,would,0,O
,come,0,O
,to,0,O
,her,0,O
,assistance.,0,O
,”,0,O
,She,0,O
,then,0,O
,applied,0,O
,to,0,O
,the,0,O
,bull,0,B-per
,",",0,O
,and,0,O
,hoped,0,O
,that,0,O
,he,0,O
,would,0,O
,repel,0,O
,the,0,O
,hounds,0,B-per
,with,0,O
,his,0,O
,horns,0,O
,.,0,O
Sentence: 6,The,0,O
,bull,0,B-per
,replied,0,O
,:,0,O
,“,0,O
,I,0,O
,am,0,O
,very,0,O
,sorry,0,O
,",",0,O
,but,0,O
,I,0,O
,have,0,O
,an,0,O
,appointment,0,O
,with,0,O
,a,0,O
,lady,0,O
,;,0,O
,but,0,O
,I,0,O
,feel,0,O
,sure,0,O
,that,0,O
,our,0,O
,friend,0,O
,the,0,O
,goat,0,B-per
,will,0,O
,do,0,O
,what,0,O
,you,0,O
,want.,0,O
,”,0,O
,The,0,O
,goat,0,B-per
,",",0,O
,however,0,O
,",",0,O
,feared,0,O
,that,0,O
,his,0,O
,back,0,O
,might,0,O
,do,0,O
,her,0,O
,some,0,O
,harm,0,O
,if,0,O
,he,0,O
,took,0,O
,her,0,O
,upon,0,O
,it,0,O
,.,0,O
Sentence: 7,The,0,O
,ram,0,B-per
,",",0,O
,he,0,O
,felt,0,O
,sure,0,O
,",",0,O
,was,0,O
,the,0,O
,proper,0,O
,friend,0,O
,to,0,O
,apply,0,O
,to,0,O
,.,0,O
Sentence: 8,So,0,O
,she,0,O
,went,0,O
,to,0,O
,the,0,O
,ram,0,B-per
,and,0,O
,told,0,O
,him,0,O
,the,0,O
,case,0,O
,.,0,O
Sentence: 9,The,0,O
,ram,0,B-per
,replied,0,O
,:,0,O
,“,0,O
,Another,0,O
,time,0,O
,",",0,O
,my,0,O
,dear,0,O
,friend,0,O
,.,0,O
Sentence: 10,I,0,O
,do,0,O
,not,0,O
,like,0,O
,to,0,O
,interfere,0,O
,on,0,O
,the,0,O
,present,0,O
,occasion,0,O
,",",0,O
,as,0,O
,hounds,0,B-per
,have,0,O
,been,0,O
,known,0,O
,to,0,O
,eat,0,O
,sheep,0,O
,as,0,O
,well,0,O
,as,0,O
,hares.,0,O
,”,0,O
,The,0,O
,Hare,0,B-per
,then,0,O
,applied,0,O
,",",0,O
,as,0,O
,a,0,O
,last,0,O
,hope,0,O
,",",0,O
,to,0,O
,the,0,O
,calf,0,B-per
,",",0,O
,who,0,O
,regretted,0,O
,that,0,O
,he,0,O
,was,0,O
,unable,0,O
,to,0,O
,help,0,O
,her,0,O
,",",0,O
,as,0,O
,he,0,O
,did,0,O
,not,0,O
,like,0,O
,to,0,O
,take,0,O
,the,0,O
,responsibility,0,O
,upon,0,O
,himself,0,O
,",",0,O
,as,0,O
,so,0,O
,many,0,O
,older,0,O
,persons,0,O
,than,0,O
,himself,0,O
,had,0,O
,declined,0,O
,the,0,O
,task,0,O
,.,0,O
Sentence: 11,By,0,O
,this,0,O
,time,0,O
,the,0,O
,hounds,0,B-per
,were,0,O
,quite,0,O
,near,0,O
,",",0,O
,and,0,O
,the,0,O
,Hare,0,B-per
,took,0,O
,to,0,O
,her,0,O
,heels,0,O
,and,0,O
,luckily,0,O
,escaped,0,O
,.,0,O
Sentence: 12,He,0,O
,that,0,O
,has,0,O
,many,0,O
,friends,0,O
,",",0,O
,has,0,O
,no,0,O
,friends,0,O
,.,0,O
Sentence: 1,The,0,O
,Hares,0,B-per
,were,0,O
,so,0,O
,persecuted,0,O
,by,0,O
,the,0,O
,other,0,O
,beasts,0,O
,",",0,O
,they,0,O
,did,0,O
,not,0,O
,know,0,O
,where,0,O
,to,0,O
,go,0,O
,.,0,O
Sentence: 2,As,0,O
,soon,0,O
,as,0,O
,they,0,O
,saw,0,O
,a,0,O
,single,0,O
,animal,0,O
,approach,0,O
,them,0,O
,",",0,O
,off,0,O
,they,0,O
,used,0,O
,to,0,O
,run,0,O
,.,0,O
Sentence: 3,One,0,O
,day,0,O
,they,0,O
,saw,0,O
,a,0,O
,troop,0,O
,of,0,O
,wild,0,O
,Horses,0,B-per
,stampeding,0,O
,about,0,O
,",",0,O
,and,0,O
,in,0,O
,quite,0,O
,a,0,O
,panic,0,O
,all,0,O
,the,0,O
,Hares,0,B-per
,scuttled,0,O
,off,0,O
,to,0,O
,a,0,O
,lake,0,O
,hard,0,O
,by,0,O
,",",0,O
,determined,0,O
,to,0,O
,drown,0,O
,themselves,0,O
,rather,0,O
,than,0,O
,live,0,O
,in,0,O
,such,0,O
,a,0,O
,continual,0,O
,state,0,O
,of,0,O
,fear,0,O
,.,0,O
Sentence: 4,But,0,O
,just,0,O
,as,0,O
,they,0,O
,got,0,O
,near,0,O
,the,0,O
,bank,0,O
,of,0,O
,the,0,O
,lake,0,O
,",",0,O
,a,0,O
,troop,0,O
,of,0,O
,Frogs,0,B-per
,",",0,O
,frightened,0,O
,in,0,O
,their,0,O
,turn,0,O
,by,0,O
,the,0,O
,approach,0,O
,of,0,O
,the,0,O
,Hares,0,B-per
,scuttled,0,O
,off,0,O
,",",0,O
,and,0,O
,jumped,0,O
,into,0,O
,the,0,O
,water,0,O
,.,0,O
Sentence: 5,“,0,O
,Truly,0,O
,",",0,O
,”,0,O
,said,0,O
,one,0,O
,of,0,O
,the,0,O
,Hares,0,B-per
,",",0,O
,“,0,O
,things,0,O
,are,0,O
,not,0,O
,so,0,O
,bad,0,O
,as,0,O
,they,0,O
,seem,0,O
,:,0,O
,“,0,O
,There,0,O
,is,0,O
,always,0,O
,someone,0,O
,worse,0,O
,off,0,O
,than,0,O
,yourself,0,O
,.,0,O
,”,0,O
Sentence: 1,A,0,O
,Waggoner,0,B-per
,was,0,O
,once,0,O
,driving,0,O
,a,0,O
,heavy,0,O
,load,0,O
,along,0,O
,a,0,O
,very,0,O
,muddy,0,O
,way,0,O
,.,0,O
Sentence: 2,At,0,O
,last,0,O
,he,0,O
,came,0,O
,to,0,O
,a,0,O
,part,0,O
,of,0,O
,the,0,O
,road,0,O
,where,0,O
,the,0,O
,wheels,0,O
,sank,0,O
,half-way,0,O
,into,0,O
,the,0,O
,mire,0,O
,",",0,O
,and,0,O
,the,0,O
,more,0,O
,the,0,O
,horses,0,O
,pulled,0,O
,",",0,O
,the,0,O
,deeper,0,O
,sank,0,O
,the,0,O
,wheels,0,O
,.,0,O
Sentence: 3,So,0,O
,the,0,O
,Waggoner,0,B-per
,threw,0,O
,down,0,O
,his,0,O
,whip,0,O
,",",0,O
,and,0,O
,knelt,0,O
,down,0,O
,and,0,O
,prayed,0,O
,to,0,O
,Hercules,0,B-per
,the,0,O
,Strong,0,O
,.,0,O
Sentence: 4,“,0,O
,O,0,O
,Hercules,0,B-per
,",",0,O
,help,0,O
,me,0,O
,in,0,O
,this,0,O
,my,0,O
,hour,0,O
,of,0,O
,distress,0,O
,",",0,O
,”,0,O
,quoth,0,O
,he,0,O
,.,0,O
Sentence: 5,But,0,O
,Hercules,0,B-per
,appeared,0,O
,to,0,O
,him,0,O
,",",0,O
,and,0,O
,said,0,O
,:,0,O
,“,0,O
,Tut,0,O
,",",0,O
,man,0,O
,",",0,O
,don,0,O
,’,0,O
,t,0,O
,sprawl,0,O
,there,0,O
,.,0,O
Sentence: 6,Get,0,O
,up,0,O
,and,0,O
,put,0,O
,your,0,O
,shoulder,0,O
,to,0,O
,the,0,O
,wheel.,0,O
,”,0,O
,The,0,O
,gods,0,O
,help,0,O
,them,0,O
,that,0,O
,help,0,O
,themselves,0,O
,.,0,O
Sentence: 1,A,0,O
,Lion,0,B-per
,had,0,O
,come,0,O
,to,0,O
,the,0,O
,end,0,O
,of,0,O
,his,0,O
,days,0,O
,and,0,O
,lay,0,O
,sick,0,O
,unto,0,O
,death,0,O
,at,0,O
,the,0,O
,mouth,0,O
,of,0,O
,his,0,O
,cave,0,O
,",",0,O
,gasping,0,O
,for,0,O
,breath,0,O
,.,0,O
Sentence: 2,The,0,O
,animals,0,O
,",",0,O
,his,0,O
,subjects,0,O
,",",0,O
,came,0,O
,round,0,O
,him,0,O
,and,0,O
,drew,0,O
,nearer,0,O
,as,0,O
,he,0,O
,grew,0,O
,more,0,O
,and,0,O
,more,0,O
,helpless,0,O
,.,0,O
Sentence: 3,When,0,O
,they,0,O
,saw,0,O
,him,0,O
,on,0,O
,the,0,O
,point,0,O
,of,0,O
,death,0,O
,they,0,O
,thought,0,O
,to,0,O
,themselves,0,O
,:,0,O
,“,0,O
,Now,0,O
,is,0,O
,the,0,O
,time,0,O
,to,0,O
,pay,0,O
,off,0,O
,old,0,O
,grudges.,0,O
,”,0,O
,So,0,O
,the,0,O
,Boar,0,B-per
,came,0,O
,up,0,O
,and,0,O
,drove,0,O
,at,0,O
,him,0,O
,with,0,O
,his,0,O
,tusks,0,O
,;,0,O
,then,0,O
,a,0,O
,Bull,0,B-per
,gored,0,O
,him,0,O
,with,0,O
,his,0,O
,horns,0,O
,;,0,O
,still,0,O
,the,0,O
,Lion,0,B-per
,lay,0,O
,helpless,0,O
,before,0,O
,them,0,O
,:,0,O
,so,0,O
,the,0,O
,Ass,0,B-per
,",",0,O
,feeling,0,O
,quite,0,O
,safe,0,O
,from,0,O
,danger,0,O
,",",0,O
,came,0,O
,up,0,O
,",",0,O
,and,0,O
,turning,0,O
,his,0,O
,tail,0,O
,to,0,O
,the,0,O
,Lion,0,B-per
,kicked,0,O
,up,0,O
,his,0,O
,heels,0,O
,into,0,O
,his,0,O
,face,0,O
,.,0,O
Sentence: 4,“,0,O
,This,0,O
,is,0,O
,a,0,O
,double,0,O
,death,0,O
,",",0,O
,”,0,O
,growled,0,O
,the,0,O
,Lion,0,B-per
,.,0,O
Sentence: 5,Only,0,O
,cowards,0,O
,insult,0,O
,dying,0,O
,majesty,0,O
,.,0,O
Sentence: 1,A,0,O
,Fox,0,B-per
,was,0,O
,boasting,0,O
,to,0,O
,a,0,O
,Cat,0,B-per
,of,0,O
,its,0,O
,clever,0,O
,devices,0,O
,for,0,O
,escaping,0,O
,its,0,O
,enemies,0,O
,.,0,O
Sentence: 2,“,0,O
,I,0,O
,have,0,O
,a,0,O
,whole,0,O
,bag,0,O
,of,0,O
,tricks,0,O
,",",0,O
,”,0,O
,he,0,O
,said,0,O
,",",0,O
,“,0,O
,which,0,O
,contains,0,O
,a,0,O
,hundred,0,O
,ways,0,O
,of,0,O
,escaping,0,O
,my,0,O
,enemies.,0,O
,”,0,O
,“,0,O
,I,0,O
,have,0,O
,only,0,O
,one,0,O
,",",0,O
,”,0,O
,said,0,O
,the,0,O
,Cat,0,B-per
,;,0,O
,“,0,O
,but,0,O
,I,0,O
,can,0,O
,generally,0,O
,manage,0,O
,with,0,O
,that.,0,O
,”,0,O
,Just,0,O
,at,0,O
,that,0,O
,moment,0,O
,they,0,O
,heard,0,O
,the,0,O
,cry,0,O
,of,0,O
,a,0,O
,pack,0,O
,of,0,O
,hounds,0,O
,coming,0,O
,towards,0,O
,them,0,O
,",",0,O
,and,0,O
,the,0,O
,Cat,0,B-per
,immediately,0,O
,scampered,0,O
,up,0,O
,a,0,O
,tree,0,O
,and,0,O
,hid,0,O
,herself,0,O
,in,0,O
,the,0,O
,boughs,0,O
,.,0,O
Sentence: 3,“,0,O
,This,0,O
,is,0,O
,my,0,O
,plan,0,O
,",",0,O
,”,0,O
,said,0,O
,the,0,O
,Cat,0,B-per
,.,0,O
Sentence: 4,“,0,O
,What,0,O
,are,0,O
,you,0,O
,going,0,O
,to,0,O
,do,0,O
,?,0,O
,”,0,O
,The,0,O
,Fox,0,B-per
,thought,0,O
,first,0,O
,of,0,O
,one,0,O
,way,0,O
,",",0,O
,then,0,O
,of,0,O
,another,0,O
,",",0,O
,and,0,O
,while,0,O
,he,0,O
,was,0,O
,debating,0,O
,the,0,O
,hounds,0,O
,came,0,O
,nearer,0,O
,and,0,O
,nearer,0,O
,",",0,O
,and,0,O
,at,0,O
,last,0,O
,the,0,O
,Fox,0,B-per
,in,0,O
,his,0,O
,confusion,0,O
,was,0,O
,caught,0,O
,up,0,O
,by,0,O
,the,0,O
,hounds,0,O
,and,0,O
,soon,0,O
,killed,0,O
,by,0,O
,the,0,O
,huntsmen,0,O
,.,0,O
Sentence: 5,Miss,0,O
,Puss,0,O
,",",0,O
,who,0,O
,had,0,O
,been,0,O
,looking,0,O
,on,0,O
,",",0,O
,said,0,O
,:,0,O
,“,0,O
,Better,0,O
,one,0,O
,safe,0,O
,way,0,O
,than,0,O
,a,0,O
,hundred,0,O
,on,0,O
,which,0,O
,you,0,O
,can,0,O
,not,0,O
,reckon,0,O
,.,0,O
,”,0,O
Sentence: 1,The,0,O
,Lion,0,B-per
,and,0,O
,the,0,O
,Fox,0,B-per
,went,0,O
,hunting,0,O
,together,0,O
,.,0,O
Sentence: 2,The,0,O
,Lion,0,B-per
,",",0,O
,on,0,O
,the,0,O
,advice,0,O
,of,0,O
,the,0,O
,Fox,0,B-per
,",",0,O
,sent,0,O
,a,0,O
,message,0,O
,to,0,O
,the,0,O
,Ass,0,B-per
,",",0,O
,proposing,0,O
,to,0,O
,make,0,O
,an,0,O
,alliance,0,O
,between,0,O
,their,0,O
,two,0,O
,families,0,O
,.,0,O
Sentence: 3,The,0,O
,Ass,0,B-per
,came,0,O
,to,0,O
,the,0,O
,place,0,O
,of,0,O
,meeting,0,O
,",",0,O
,overjoyed,0,O
,at,0,O
,the,0,O
,prospect,0,O
,of,0,O
,a,0,O
,royal,0,O
,alliance,0,O
,.,0,O
Sentence: 4,But,0,O
,when,0,O
,he,0,O
,came,0,O
,there,0,O
,the,0,O
,Lion,0,B-per
,simply,0,O
,pounced,0,O
,on,0,O
,the,0,O
,Ass,0,B-per
,",",0,O
,and,0,O
,said,0,O
,to,0,O
,the,0,O
,Fox,0,B-per
,:,0,O
,“,0,O
,Here,0,O
,is,0,O
,our,0,O
,dinner,0,O
,for,0,O
,to-day,0,O
,.,0,O
Sentence: 5,Watch,0,O
,you,0,O
,here,0,O
,while,0,O
,I,0,O
,go,0,O
,and,0,O
,have,0,O
,a,0,O
,nap,0,O
,.,0,O
Sentence: 6,Woe,0,O
,betide,0,O
,you,0,O
,if,0,O
,you,0,O
,touch,0,O
,my,0,O
,prey.,0,O
,”,0,O
,The,0,O
,Lion,0,B-per
,went,0,O
,away,0,O
,and,0,O
,the,0,O
,Fox,0,B-per
,waited,0,O
,;,0,O
,but,0,O
,finding,0,O
,that,0,O
,his,0,O
,master,0,O
,did,0,O
,not,0,O
,return,0,O
,",",0,O
,ventured,0,O
,to,0,O
,take,0,O
,out,0,O
,the,0,O
,brains,0,O
,of,0,O
,the,0,O
,Ass,0,B-per
,and,0,O
,ate,0,O
,them,0,O
,up,0,O
,.,0,O
Sentence: 7,When,0,O
,the,0,O
,Lion,0,B-per
,came,0,O
,back,0,O
,he,0,O
,soon,0,O
,noticed,0,O
,the,0,O
,absence,0,O
,of,0,O
,the,0,O
,brains,0,O
,",",0,O
,and,0,O
,asked,0,O
,the,0,O
,Fox,0,B-per
,in,0,O
,a,0,O
,terrible,0,O
,voice,0,O
,:,0,O
,“,0,O
,What,0,O
,have,0,O
,you,0,O
,done,0,O
,with,0,O
,the,0,O
,brains,0,O
,?,0,O
,”,0,O
,“,0,O
,Brains,0,O
,",",0,O
,your,0,O
,Majesty,0,O
,!,0,O
Sentence: 8,it,0,O
,had,0,O
,none,0,O
,",",0,O
,or,0,O
,it,0,O
,would,0,O
,never,0,O
,have,0,O
,fallen,0,O
,into,0,O
,your,0,O
,trap.,0,O
,”,0,O
,Wit,0,O
,has,0,O
,always,0,O
,an,0,O
,answer,0,O
,ready,0,O
,.,0,O
Sentence: 1,One,0,O
,moonlight,0,O
,night,0,O
,a,0,O
,Fox,0,B-per
,was,0,O
,prowling,0,O
,about,0,O
,a,0,O
,farmer,0,O
,’,0,O
,s,0,O
,hen-coop,0,O
,",",0,O
,and,0,O
,saw,0,O
,a,0,O
,Cock,0,B-per
,roosting,0,O
,high,0,O
,up,0,O
,beyond,0,O
,his,0,O
,reach,0,O
,.,0,O
Sentence: 2,“,0,O
,Good,0,O
,news,0,O
,",",0,O
,good,0,O
,news,0,O
,!,0,O
,”,0,O
,he,0,O
,cried,0,O
,.,0,O
Sentence: 3,“,0,O
,Why,0,O
,",",0,O
,what,0,O
,is,0,O
,that,0,O
,?,0,O
,”,0,O
,said,0,O
,the,0,O
,Cock,0,B-per
,.,0,O
Sentence: 4,“,0,O
,King,0,O
,Lion,0,O
,has,0,O
,declared,0,O
,a,0,O
,universal,0,O
,truce,0,O
,.,0,O
Sentence: 5,No,0,O
,beast,0,O
,may,0,O
,hurt,0,O
,a,0,O
,bird,0,O
,henceforth,0,O
,",",0,O
,but,0,O
,all,0,O
,shall,0,O
,dwell,0,O
,together,0,O
,in,0,O
,brotherly,0,O
,friendship.,0,O
,”,0,O
,“,0,O
,Why,0,O
,",",0,O
,that,0,O
,is,0,O
,good,0,O
,news,0,O
,",",0,O
,”,0,O
,said,0,O
,the,0,O
,Cock,0,B-per
,;,0,O
,“,0,O
,and,0,O
,there,0,O
,I,0,O
,see,0,O
,some,0,O
,one,0,O
,coming,0,O
,",",0,O
,with,0,O
,whom,0,O
,we,0,O
,can,0,O
,share,0,O
,the,0,O
,good,0,O
,tidings.,0,O
,”,0,O
,And,0,O
,so,0,O
,saying,0,O
,he,0,O
,craned,0,O
,his,0,O
,neck,0,O
,forward,0,O
,and,0,O
,looked,0,O
,afar,0,O
,off,0,O
,.,0,O
Sentence: 6,“,0,O
,What,0,O
,is,0,O
,it,0,O
,you,0,O
,see,0,O
,?,0,O
,”,0,O
,said,0,O
,the,0,O
,Fox,0,B-per
,.,0,O
Sentence: 7,“,0,O
,It,0,O
,is,0,O
,only,0,O
,my,0,O
,master,0,O
,’,0,O
,s,0,O
,Dog,0,B-per
,that,0,O
,is,0,O
,coming,0,O
,towards,0,O
,us,0,O
,.,0,O
Sentence: 8,What,0,O
,",",0,O
,going,0,O
,so,0,O
,soon,0,O
,?,0,O
,”,0,O
,he,0,O
,continued,0,O
,",",0,O
,as,0,O
,the,0,O
,Fox,0,B-per
,began,0,O
,to,0,O
,turn,0,O
,away,0,O
,as,0,O
,soon,0,O
,as,0,O
,he,0,O
,had,0,O
,heard,0,O
,the,0,O
,news,0,O
,.,0,O
Sentence: 9,“,0,O
,Will,0,O
,you,0,O
,not,0,O
,stop,0,O
,and,0,O
,congratulate,0,O
,the,0,O
,Dog,0,B-per
,on,0,O
,the,0,O
,reign,0,O
,of,0,O
,universal,0,O
,peace,0,O
,?,0,O
,”,0,O
,“,0,O
,I,0,O
,would,0,O
,gladly,0,O
,do,0,O
,so,0,O
,",",0,O
,”,0,O
,said,0,O
,the,0,O
,Fox,0,B-per
,",",0,O
,“,0,O
,but,0,O
,I,0,O
,fear,0,O
,he,0,O
,may,0,O
,not,0,O
,have,0,O
,heard,0,O
,of,0,O
,King,0,O
,Lion,0,O
,’,0,O
,s,0,O
,decree.,0,O
,”,0,O
,Cunning,0,O
,often,0,O
,outwits,0,O
,itself,0,O
,.,0,O
Sentence: 1,In,0,O
,a,0,O
,field,0,O
,one,0,O
,summer,0,O
,’,0,O
,s,0,O
,day,0,O
,a,0,O
,Grasshopper,0,B-per
,was,0,O
,hopping,0,O
,about,0,O
,",",0,O
,chirping,0,O
,and,0,O
,singing,0,O
,to,0,O
,its,0,O
,heart,0,O
,’,0,O
,s,0,O
,content,0,O
,.,0,O
Sentence: 2,An,0,O
,Ant,0,B-per
,passed,0,O
,by,0,O
,",",0,O
,bearing,0,O
,along,0,O
,with,0,O
,great,0,O
,toil,0,O
,an,0,O
,ear,0,O
,of,0,O
,corn,0,O
,he,0,O
,was,0,O
,taking,0,O
,to,0,O
,the,0,O
,nest,0,O
,.,0,O
Sentence: 3,“,0,O
,Why,0,O
,not,0,O
,come,0,O
,and,0,O
,chat,0,O
,with,0,O
,me,0,O
,",",0,O
,”,0,O
,said,0,O
,the,0,O
,Grasshopper,0,B-per
,",",0,O
,“,0,O
,instead,0,O
,of,0,O
,toiling,0,O
,and,0,O
,moiling,0,O
,in,0,O
,that,0,O
,way,0,O
,?,0,O
,”,0,O
,“,0,O
,I,0,O
,am,0,O
,helping,0,O
,to,0,O
,lay,0,O
,up,0,O
,food,0,O
,for,0,O
,the,0,O
,winter,0,O
,",",0,O
,”,0,O
,said,0,O
,the,0,O
,Ant,0,B-per
,",",0,O
,“,0,O
,and,0,O
,recommend,0,O
,you,0,O
,to,0,O
,do,0,O
,the,0,O
,same.,0,O
,”,0,O
,“,0,O
,Why,0,O
,bother,0,O
,about,0,O
,winter,0,O
,?,0,O
,”,0,O
,said,0,O
,the,0,O
,Grasshopper,0,B-per
,;,0,O
,we,0,O
,have,0,O
,got,0,O
,plenty,0,O
,of,0,O
,food,0,O
,at,0,O
,present.,0,O
,”,0,O
,But,0,O
,the,0,O
,Ant,0,B-per
,went,0,O
,on,0,O
,its,0,O
,way,0,O
,and,0,O
,continued,0,O
,its,0,O
,toil,0,O
,.,0,O
Sentence: 4,When,0,O
,the,0,O
,winter,0,O
,came,0,O
,the,0,O
,Grasshopper,0,B-per
,had,0,O
,no,0,O
,food,0,O
,and,0,O
,found,0,O
,itself,0,O
,dying,0,O
,of,0,O
,hunger,0,O
,",",0,O
,while,0,O
,it,0,O
,saw,0,O
,the,0,O
,ants,0,O
,distributing,0,O
,every,0,O
,day,0,O
,corn,0,O
,and,0,O
,grain,0,O
,from,0,O
,the,0,O
,stores,0,O
,they,0,O
,had,0,O
,collected,0,O
,in,0,O
,the,0,O
,summer,0,O
,.,0,O
Sentence: 5,Then,0,O
,the,0,O
,Grasshopper,0,B-per
,knew,0,O
,:,0,O
,It,0,O
,is,0,O
,best,0,O
,to,0,O
,prepare,0,O
,for,0,O
,the,0,O
,days,0,O
,of,0,O
,necessity,0,O
,.,0,O
Sentence: 1,A,0,O
,quarrel,0,O
,had,0,O
,arisen,0,O
,between,0,O
,the,0,O
,Horse,0,B-per
,and,0,O
,the,0,O
,Stag,0,B-per
,",",0,O
,so,0,O
,the,0,O
,Horse,0,B-per
,came,0,O
,to,0,O
,a,0,O
,Hunter,0,B-per
,to,0,O
,ask,0,O
,his,0,O
,help,0,O
,to,0,O
,take,0,O
,revenge,0,O
,on,0,O
,the,0,O
,Stag,0,B-per
,.,0,O
Sentence: 2,The,0,O
,Hunter,0,B-per
,agreed,0,O
,",",0,O
,but,0,O
,said,0,O
,:,0,O
,“,0,O
,If,0,O
,you,0,O
,desire,0,O
,to,0,O
,conquer,0,O
,the,0,O
,Stag,0,B-per
,",",0,O
,you,0,O
,must,0,O
,permit,0,O
,me,0,O
,to,0,O
,place,0,O
,this,0,O
,piece,0,O
,of,0,O
,iron,0,O
,between,0,O
,your,0,O
,jaws,0,O
,",",0,O
,so,0,O
,that,0,O
,I,0,O
,may,0,O
,guide,0,O
,you,0,O
,with,0,O
,these,0,O
,reins,0,O
,",",0,O
,and,0,O
,allow,0,O
,this,0,O
,saddle,0,O
,to,0,O
,be,0,O
,placed,0,O
,upon,0,O
,your,0,O
,back,0,O
,so,0,O
,that,0,O
,I,0,O
,may,0,O
,keep,0,O
,steady,0,O
,upon,0,O
,you,0,O
,as,0,O
,we,0,O
,follow,0,O
,after,0,O
,the,0,O
,enemy.,0,O
,”,0,O
,The,0,O
,Horse,0,B-per
,agreed,0,O
,to,0,O
,the,0,O
,conditions,0,O
,",",0,O
,and,0,O
,the,0,O
,Hunter,0,B-per
,soon,0,O
,saddled,0,O
,and,0,O
,bridled,0,O
,him,0,O
,.,0,O
Sentence: 3,Then,0,O
,with,0,O
,the,0,O
,aid,0,O
,of,0,O
,the,0,O
,Hunter,0,B-per
,the,0,O
,Horse,0,B-per
,soon,0,O
,overcame,0,O
,the,0,O
,Stag,0,B-per
,",",0,O
,and,0,O
,said,0,O
,to,0,O
,the,0,O
,Hunter,0,B-per
,:,0,O
,“,0,O
,Now,0,O
,",",0,O
,get,0,O
,off,0,O
,",",0,O
,and,0,O
,remove,0,O
,those,0,O
,things,0,O
,from,0,O
,my,0,O
,mouth,0,O
,and,0,O
,back.,0,O
,”,0,O
,“,0,O
,Not,0,O
,so,0,O
,fast,0,O
,",",0,O
,friend,0,O
,",",0,O
,”,0,O
,said,0,O
,the,0,O
,Hunter,0,B-per
,.,0,O
Sentence: 4,“,0,O
,I,0,O
,have,0,O
,now,0,O
,got,0,O
,you,0,O
,under,0,O
,bit,0,O
,and,0,O
,spur,0,O
,",",0,O
,and,0,O
,prefer,0,O
,to,0,O
,keep,0,O
,you,0,O
,as,0,O
,you,0,O
,are,0,O
,at,0,O
,present.,0,O
,”,0,O
,If,0,O
,you,0,O
,allow,0,O
,men,0,O
,to,0,O
,use,0,O
,you,0,O
,for,0,O
,your,0,O
,own,0,O
,purposes,0,O
,",",0,O
,they,0,O
,will,0,O
,use,0,O
,you,0,O
,for,0,O
,theirs,0,O
,.,0,O
Sentence: 1,A,0,O
,gaunt,0,O
,Wolf,0,B-per
,was,0,O
,almost,0,O
,dead,0,O
,with,0,O
,hunger,0,O
,when,0,O
,he,0,O
,happened,0,O
,to,0,O
,meet,0,O
,a,0,O
,House-dog,0,O
,who,0,O
,was,0,O
,passing,0,O
,by,0,O
,.,0,O
Sentence: 2,“,0,O
,Ah,0,O
,",",0,O
,Cousin,0,O
,",",0,O
,”,0,O
,said,0,O
,the,0,O
,Dog,0,B-per
,.,0,O
Sentence: 3,“,0,O
,I,0,O
,knew,0,O
,how,0,O
,it,0,O
,would,0,O
,be,0,O
,;,0,O
,your,0,O
,irregular,0,O
,life,0,O
,will,0,O
,soon,0,O
,be,0,O
,the,0,O
,ruin,0,O
,of,0,O
,you,0,O
,.,0,O
Sentence: 4,Why,0,O
,do,0,O
,you,0,O
,not,0,O
,work,0,O
,steadily,0,O
,as,0,O
,I,0,O
,do,0,O
,",",0,O
,and,0,O
,get,0,O
,your,0,O
,food,0,O
,regularly,0,O
,given,0,O
,to,0,O
,you,0,O
,?,0,O
,”,0,O
,“,0,O
,I,0,O
,would,0,O
,have,0,O
,no,0,O
,objection,0,O
,",",0,O
,”,0,O
,said,0,O
,the,0,O
,Wolf,0,B-per
,",",0,O
,“,0,O
,if,0,O
,I,0,O
,could,0,O
,only,0,O
,get,0,O
,a,0,O
,place.,0,O
,”,0,O
,“,0,O
,I,0,O
,will,0,O
,easily,0,O
,arrange,0,O
,that,0,O
,for,0,O
,you,0,O
,",",0,O
,”,0,O
,said,0,O
,the,0,O
,Dog,0,B-per
,;,0,O
,“,0,O
,come,0,O
,with,0,O
,me,0,O
,to,0,O
,my,0,O
,master,0,O
,and,0,O
,you,0,O
,shall,0,O
,share,0,O
,my,0,O
,work.,0,O
,”,0,O
,So,0,O
,the,0,O
,Wolf,0,B-per
,and,0,O
,the,0,O
,Dog,0,B-per
,went,0,O
,towards,0,O
,the,0,O
,town,0,O
,together,0,O
,.,0,O
Sentence: 5,On,0,O
,the,0,O
,way,0,O
,there,0,O
,the,0,O
,Wolf,0,B-per
,noticed,0,O
,that,0,O
,the,0,O
,hair,0,O
,on,0,O
,a,0,O
,certain,0,O
,part,0,O
,of,0,O
,the,0,O
,Dog,0,B-per
,’,0,O
,s,0,O
,neck,0,O
,was,0,O
,very,0,O
,much,0,O
,worn,0,O
,away,0,O
,",",0,O
,so,0,O
,he,0,O
,asked,0,O
,him,0,O
,how,0,O
,that,0,O
,had,0,O
,come,0,O
,about,0,O
,.,0,O
Sentence: 6,“,0,O
,Oh,0,O
,",",0,O
,it,0,O
,is,0,O
,nothing,0,O
,",",0,O
,”,0,O
,said,0,O
,the,0,O
,Dog,0,B-per
,.,0,O
Sentence: 7,“,0,O
,That,0,O
,is,0,O
,only,0,O
,the,0,O
,place,0,O
,where,0,O
,the,0,O
,collar,0,O
,is,0,O
,put,0,O
,on,0,O
,at,0,O
,night,0,O
,to,0,O
,keep,0,O
,me,0,O
,chained,0,O
,up,0,O
,;,0,O
,it,0,O
,chafes,0,O
,a,0,O
,bit,0,O
,",",0,O
,but,0,O
,one,0,O
,soon,0,O
,gets,0,O
,used,0,O
,to,0,O
,it.,0,O
,”,0,O
,“,0,O
,Is,0,O
,that,0,O
,all,0,O
,?,0,O
,”,0,O
,said,0,O
,the,0,O
,Wolf,0,B-per
,.,0,O
Sentence: 8,“,0,O
,Then,0,O
,good-bye,0,O
,to,0,O
,you,0,O
,",",0,O
,Master,0,O
,Dog.,0,O
,”,0,O
,Better,0,O
,starve,0,O
,free,0,O
,than,0,O
,be,0,O
,a,0,O
,fat,0,O
,slave,0,O
,.,0,O
Sentence: 1,At,0,O
,a,0,O
,country,0,O
,fair,0,O
,there,0,O
,was,0,O
,a,0,O
,Buffoon,0,B-per
,who,0,O
,made,0,O
,all,0,O
,the,0,O
,people,0,O
,laugh,0,O
,by,0,O
,imitating,0,O
,the,0,O
,cries,0,O
,of,0,O
,various,0,O
,animals,0,O
,.,0,O
Sentence: 2,He,0,O
,finished,0,O
,off,0,O
,by,0,O
,squeaking,0,O
,so,0,O
,like,0,O
,a,0,O
,pig,0,O
,that,0,O
,the,0,O
,spectators,0,B-per
,thought,0,O
,that,0,O
,he,0,O
,had,0,O
,a,0,O
,porker,0,O
,concealed,0,O
,about,0,O
,him,0,O
,.,0,O
Sentence: 3,But,0,O
,a,0,O
,Countryman,0,B-per
,who,0,O
,stood,0,O
,by,0,O
,said,0,O
,:,0,O
,“,0,O
,Call,0,O
,that,0,O
,a,0,O
,pig,0,O
,’,0,O
,s,0,O
,squeak,0,O
,!,0,O
Sentence: 4,Nothing,0,O
,like,0,O
,it,0,O
,.,0,O
Sentence: 5,You,0,O
,give,0,O
,me,0,O
,till,0,O
,tomorrow,0,O
,and,0,O
,I,0,O
,will,0,O
,show,0,O
,you,0,O
,what,0,O
,it,0,O
,’,0,O
,s,0,O
,like.,0,O
,”,0,O
,The,0,O
,audience,0,O
,laughed,0,O
,",",0,O
,but,0,O
,next,0,O
,day,0,O
,",",0,O
,sure,0,O
,enough,0,O
,",",0,O
,the,0,O
,Countryman,0,B-per
,appeared,0,O
,on,0,O
,the,0,O
,stage,0,O
,",",0,O
,and,0,O
,putting,0,O
,his,0,O
,head,0,O
,down,0,O
,squealed,0,O
,so,0,O
,hideously,0,O
,that,0,O
,the,0,O
,spectators,0,B-per
,hissed,0,O
,and,0,O
,threw,0,O
,stones,0,O
,at,0,O
,him,0,O
,to,0,O
,make,0,O
,him,0,O
,stop,0,O
,.,0,O
Sentence: 6,“,0,O
,You,0,O
,fools,0,O
,!,0,O
,”,0,O
,he,0,O
,cried,0,O
,",",0,O
,“,0,O
,see,0,O
,what,0,O
,you,0,O
,have,0,O
,been,0,O
,hissing,0,O
,",",0,O
,”,0,O
,and,0,O
,held,0,O
,up,0,O
,a,0,O
,little,0,O
,pig,0,O
,whose,0,O
,ear,0,O
,he,0,O
,had,0,O
,been,0,O
,pinching,0,O
,to,0,O
,make,0,O
,him,0,O
,utter,0,O
,the,0,O
,squeals,0,O
,.,0,O
Sentence: 7,Men,0,O
,often,0,O
,applaud,0,O
,an,0,O
,imitation,0,O
,and,0,O
,hiss,0,O
,the,0,O
,real,0,O
,thing,0,O
,.,0,O
Sentence: 1,Once,0,O
,upon,0,O
,a,0,O
,time,0,O
,a,0,O
,Wolf,0,B-per
,was,0,O
,lapping,0,O
,at,0,O
,a,0,O
,spring,0,O
,on,0,O
,a,0,O
,hillside,0,O
,",",0,O
,when,0,O
,",",0,O
,looking,0,O
,up,0,O
,",",0,O
,what,0,O
,should,0,O
,he,0,O
,see,0,O
,but,0,O
,a,0,O
,Lamb,0,B-per
,just,0,O
,beginning,0,O
,to,0,O
,drink,0,O
,a,0,O
,little,0,O
,lower,0,O
,down,0,O
,.,0,O
Sentence: 2,“,0,O
,There,0,O
,’,0,O
,s,0,O
,my,0,O
,supper,0,O
,",",0,O
,”,0,O
,thought,0,O
,he,0,O
,",",0,O
,“,0,O
,if,0,O
,only,0,O
,I,0,O
,can,0,O
,find,0,O
,some,0,O
,excuse,0,O
,to,0,O
,seize,0,O
,it.,0,O
,”,0,O
,Then,0,O
,he,0,O
,called,0,O
,out,0,O
,to,0,O
,the,0,O
,Lamb,0,B-per
,",",0,O
,“,0,O
,How,0,O
,dare,0,O
,you,0,O
,muddle,0,O
,the,0,O
,water,0,O
,from,0,O
,which,0,O
,I,0,O
,am,0,O
,drinking,0,O
,?,0,O
,”,0,O
,“,0,O
,Nay,0,O
,",",0,O
,master,0,O
,",",0,O
,nay,0,O
,",",0,O
,”,0,O
,said,0,O
,Lambikin,0,O
,;,0,O
,“,0,O
,if,0,O
,the,0,O
,water,0,O
,be,0,O
,muddy,0,O
,up,0,O
,there,0,O
,",",0,O
,I,0,O
,can,0,O
,not,0,O
,be,0,O
,the,0,O
,cause,0,O
,of,0,O
,it,0,O
,",",0,O
,for,0,O
,it,0,O
,runs,0,O
,down,0,O
,from,0,O
,you,0,O
,to,0,O
,me.,0,O
,”,0,O
,“,0,O
,Well,0,O
,",",0,O
,then,0,O
,",",0,O
,”,0,O
,said,0,O
,the,0,O
,Wolf,0,B-per
,",",0,O
,“,0,O
,why,0,O
,did,0,O
,you,0,O
,call,0,O
,me,0,O
,bad,0,O
,names,0,O
,this,0,O
,time,0,O
,last,0,O
,year,0,O
,?,0,O
,”,0,O
,“,0,O
,That,0,O
,can,0,O
,not,0,O
,be,0,O
,",",0,O
,”,0,O
,said,0,O
,the,0,O
,Lamb,0,B-per
,;,0,O
,“,0,O
,I,0,O
,am,0,O
,only,0,O
,six,0,O
,months,0,O
,old.,0,O
,”,0,O
,“,0,O
,I,0,O
,don,0,O
,’,0,O
,t,0,O
,care,0,O
,",",0,O
,”,0,O
,snarled,0,O
,the,0,O
,Wolf,0,B-per
,;,0,O
,“,0,O
,if,0,O
,it,0,O
,was,0,O
,not,0,O
,you,0,O
,it,0,O
,was,0,O
,your,0,O
,father,0,O
,;,0,O
,”,0,O
,and,0,O
,with,0,O
,that,0,O
,he,0,O
,rushed,0,O
,upon,0,O
,the,0,O
,poor,0,O
,little,0,O
,Lamb,0,B-per
,and,0,O
,WARRA,0,O
,WARRA,0,O
,WARRA,0,O
,WARRA,0,O
,WARRA,0,O
,ate,0,O
,her,0,O
,all,0,O
,up,0,O
,.,0,O
Sentence: 3,But,0,O
,before,0,O
,she,0,O
,died,0,O
,she,0,O
,gasped,0,O
,out—,0,O
,“,0,O
,Any,0,O
,excuse,0,O
,will,0,O
,serve,0,O
,a,0,O
,tyrant,0,O
,.,0,O
,”,0,O
Sentence: 1,Two,0,O
,neighbours,0,O
,came,0,O
,before,0,O
,Jupiter,0,B-per
,and,0,O
,prayed,0,O
,him,0,O
,to,0,O
,grant,0,O
,their,0,O
,hearts,0,O
,’,0,O
,desire,0,O
,.,0,O
Sentence: 2,Now,0,O
,the,0,O
,one,0,O
,was,0,O
,full,0,O
,of,0,O
,avarice,0,O
,",",0,O
,and,0,O
,the,0,O
,other,0,O
,eaten,0,O
,up,0,O
,with,0,O
,envy,0,O
,.,0,O
Sentence: 3,So,0,O
,to,0,O
,punish,0,O
,them,0,O
,both,0,O
,",",0,O
,Jupiter,0,B-per
,granted,0,O
,that,0,O
,each,0,O
,might,0,O
,have,0,O
,whatever,0,O
,he,0,O
,wished,0,O
,for,0,O
,himself,0,O
,",",0,O
,but,0,O
,only,0,O
,on,0,O
,condition,0,O
,that,0,O
,his,0,O
,neighbour,0,O
,had,0,O
,twice,0,O
,as,0,O
,much,0,O
,.,0,O
Sentence: 4,The,0,O
,Avaricious,0,O
,man,0,O
,prayed,0,O
,to,0,O
,have,0,O
,a,0,O
,room,0,O
,full,0,O
,of,0,O
,gold,0,O
,.,0,O
Sentence: 5,No,0,O
,sooner,0,O
,said,0,O
,than,0,O
,done,0,O
,;,0,O
,but,0,O
,all,0,O
,his,0,O
,joy,0,O
,was,0,O
,turned,0,O
,to,0,O
,grief,0,O
,when,0,O
,he,0,O
,found,0,O
,that,0,O
,his,0,O
,neighbour,0,O
,had,0,O
,two,0,O
,rooms,0,O
,full,0,O
,of,0,O
,the,0,O
,precious,0,O
,metal,0,O
,.,0,O
Sentence: 6,Then,0,O
,came,0,O
,the,0,O
,turn,0,O
,of,0,O
,the,0,O
,Envious,0,O
,man,0,O
,",",0,O
,who,0,O
,could,0,O
,not,0,O
,bear,0,O
,to,0,O
,think,0,O
,that,0,O
,his,0,O
,neighbour,0,O
,had,0,O
,any,0,O
,joy,0,O
,at,0,O
,all,0,O
,.,0,O
Sentence: 7,So,0,O
,he,0,O
,prayed,0,O
,that,0,O
,he,0,O
,might,0,O
,have,0,O
,one,0,O
,of,0,O
,his,0,O
,own,0,O
,eyes,0,O
,put,0,O
,out,0,O
,",",0,O
,by,0,O
,which,0,O
,means,0,O
,his,0,O
,companion,0,O
,would,0,O
,become,0,O
,totally,0,O
,blind,0,O
,.,0,O
Sentence: 8,Vices,0,O
,are,0,O
,their,0,O
,own,0,O
,punishment,0,O
,.,0,O
Sentence: 1,A,0,O
,Lion,0,B-per
,used,0,O
,to,0,O
,prowl,0,O
,about,0,O
,a,0,O
,field,0,O
,in,0,O
,which,0,O
,Four,0,O
,Oxen,0,B-per
,used,0,O
,to,0,O
,dwell,0,O
,.,0,O
Sentence: 2,Many,0,O
,a,0,O
,time,0,O
,he,0,O
,tried,0,O
,to,0,O
,attack,0,O
,them,0,O
,;,0,O
,but,0,O
,whenever,0,O
,he,0,O
,came,0,O
,near,0,O
,they,0,O
,turned,0,O
,their,0,O
,tails,0,O
,to,0,O
,one,0,O
,another,0,O
,",",0,O
,so,0,O
,that,0,O
,whichever,0,O
,way,0,O
,he,0,O
,approached,0,O
,them,0,O
,he,0,O
,was,0,O
,met,0,O
,by,0,O
,the,0,O
,horns,0,O
,of,0,O
,one,0,O
,of,0,O
,them,0,O
,.,0,O
Sentence: 3,At,0,O
,last,0,O
,",",0,O
,however,0,O
,",",0,O
,they,0,O
,fell,0,O
,a-quarrelling,0,O
,among,0,O
,themselves,0,O
,",",0,O
,and,0,O
,each,0,O
,went,0,O
,off,0,O
,to,0,O
,pasture,0,O
,alone,0,O
,in,0,O
,a,0,O
,separate,0,O
,corner,0,O
,of,0,O
,the,0,O
,field,0,O
,.,0,O
Sentence: 4,Then,0,O
,the,0,O
,Lion,0,B-per
,attacked,0,O
,them,0,O
,one,0,O
,by,0,O
,one,0,O
,and,0,O
,soon,0,O
,made,0,O
,an,0,O
,end,0,O
,of,0,O
,all,0,O
,four,0,O
,.,0,O
Sentence: 5,United,0,O
,we,0,O
,stand,0,O
,",",0,O
,divided,0,O
,we,0,O
,fall,0,O
,.,0,O
Sentence: 1,An,0,O
,Ass,0,B-per
,once,0,O
,found,0,O
,a,0,O
,Lion,0,O
,’,0,O
,s,0,O
,skin,0,O
,which,0,O
,the,0,O
,hunters,0,O
,had,0,O
,left,0,O
,out,0,O
,in,0,O
,the,0,O
,sun,0,O
,to,0,O
,dry,0,O
,.,0,O
Sentence: 2,He,0,O
,put,0,O
,it,0,O
,on,0,O
,and,0,O
,went,0,O
,towards,0,O
,his,0,O
,native,0,O
,village,0,O
,.,0,O
Sentence: 3,All,0,O
,fled,0,O
,at,0,O
,his,0,O
,approach,0,O
,",",0,O
,both,0,O
,men,0,O
,and,0,O
,animals,0,O
,",",0,O
,and,0,O
,he,0,O
,was,0,O
,a,0,O
,proud,0,O
,Ass,0,B-per
,that,0,O
,day,0,O
,.,0,O
Sentence: 4,In,0,O
,his,0,O
,delight,0,O
,he,0,O
,lifted,0,O
,up,0,O
,his,0,O
,voice,0,O
,and,0,O
,brayed,0,O
,",",0,O
,but,0,O
,then,0,O
,every,0,O
,one,0,O
,knew,0,O
,him,0,O
,",",0,O
,and,0,O
,his,0,O
,owner,0,O
,came,0,O
,up,0,O
,and,0,O
,gave,0,O
,him,0,O
,a,0,O
,sound,0,O
,cudgelling,0,O
,for,0,O
,the,0,O
,fright,0,O
,he,0,O
,had,0,O
,caused,0,O
,.,0,O
Sentence: 5,And,0,O
,shortly,0,O
,afterwards,0,O
,a,0,O
,Fox,0,B-per
,came,0,O
,up,0,O
,to,0,O
,him,0,O
,and,0,O
,said,0,O
,:,0,O
,“,0,O
,Ah,0,O
,",",0,O
,I,0,O
,knew,0,O
,you,0,O
,by,0,O
,your,0,O
,voice.,0,O
,”,0,O
,Fine,0,O
,clothes,0,O
,may,0,O
,disguise,0,O
,",",0,O
,but,0,O
,silly,0,O
,words,0,O
,will,0,O
,disclose,0,O
,a,0,O
,fool,0,O
,.,0,O
Sentence: 1,“,0,O
,Oh,0,O
,Father,0,O
,",",0,O
,”,0,O
,said,0,O
,a,0,O
,little,0,O
,Frog,0,B-per
,to,0,O
,the,0,O
,big,0,O
,one,0,O
,sitting,0,O
,by,0,O
,the,0,O
,side,0,O
,of,0,O
,a,0,O
,pool,0,O
,",",0,O
,“,0,O
,I,0,O
,have,0,O
,seen,0,O
,such,0,O
,a,0,O
,terrible,0,O
,monster,0,O
,!,0,O
Sentence: 2,It,0,O
,was,0,O
,as,0,O
,big,0,O
,as,0,O
,a,0,O
,mountain,0,O
,",",0,O
,with,0,O
,horns,0,O
,on,0,O
,its,0,O
,head,0,O
,",",0,O
,and,0,O
,a,0,O
,long,0,O
,tail,0,O
,",",0,O
,and,0,O
,it,0,O
,had,0,O
,hoofs,0,O
,divided,0,O
,in,0,O
,two.,0,O
,”,0,O
,“,0,O
,Tush,0,O
,",",0,O
,child,0,O
,",",0,O
,tush,0,O
,",",0,O
,”,0,O
,said,0,O
,the,0,O
,old,0,O
,Frog,0,B-per
,",",0,O
,“,0,O
,that,0,O
,was,0,O
,only,0,O
,Farmer,0,O
,White,0,O
,’,0,O
,s,0,O
,Ox,0,O
,.,0,O
Sentence: 3,It,0,O
,isn,0,O
,’,0,O
,t,0,O
,so,0,O
,big,0,O
,either,0,O
,;,0,O
,he,0,O
,may,0,O
,be,0,O
,a,0,O
,little,0,O
,bit,0,O
,taller,0,O
,than,0,O
,I,0,O
,",",0,O
,but,0,O
,I,0,O
,could,0,O
,easily,0,O
,make,0,O
,myself,0,O
,quite,0,O
,as,0,O
,broad,0,O
,;,0,O
,just,0,O
,you,0,O
,see.,0,O
,”,0,O
,So,0,O
,he,0,O
,blew,0,O
,himself,0,O
,out,0,O
,",",0,O
,and,0,O
,blew,0,O
,himself,0,O
,out,0,O
,",",0,O
,and,0,O
,blew,0,O
,himself,0,O
,out,0,O
,.,0,O
Sentence: 4,“,0,O
,Was,0,O
,he,0,O
,as,0,O
,big,0,O
,as,0,O
,that,0,O
,?,0,O
,”,0,O
,asked,0,O
,he,0,O
,.,0,O
Sentence: 5,“,0,O
,Oh,0,O
,",",0,O
,much,0,O
,bigger,0,O
,than,0,O
,that,0,O
,",",0,O
,”,0,O
,said,0,O
,the,0,O
,young,0,O
,Frog,0,B-per
,.,0,O
Sentence: 6,Again,0,O
,the,0,O
,old,0,O
,one,0,O
,blew,0,O
,himself,0,O
,out,0,O
,",",0,O
,and,0,O
,asked,0,O
,the,0,O
,young,0,O
,one,0,O
,if,0,O
,the,0,O
,Ox,0,O
,was,0,O
,as,0,O
,big,0,O
,as,0,O
,that,0,O
,.,0,O
Sentence: 7,“,0,O
,Bigger,0,O
,",",0,O
,father,0,O
,",",0,O
,bigger,0,O
,",",0,O
,”,0,O
,was,0,O
,the,0,O
,reply,0,O
,.,0,O
Sentence: 8,So,0,O
,the,0,O
,Frog,0,B-per
,took,0,O
,a,0,O
,deep,0,O
,breath,0,O
,",",0,O
,and,0,O
,blew,0,O
,and,0,O
,blew,0,O
,and,0,O
,blew,0,O
,",",0,O
,and,0,O
,swelled,0,O
,and,0,O
,swelled,0,O
,and,0,O
,swelled,0,O
,.,0,O
Sentence: 9,And,0,O
,then,0,O
,he,0,O
,said,0,O
,:,0,O
,“,0,O
,I,0,O
,’,0,O
,m,0,O
,sure,0,O
,the,0,O
,Ox,0,O
,is,0,O
,not,0,O
,as,0,O
,big,0,O
,as,0,O
,this,0,O
,.,0,O
Sentence: 10,But,0,O
,at,0,O
,this,0,O
,moment,0,O
,he,0,O
,burst,0,O
,.,0,O
Sentence: 11,Self-conceit,0,O
,may,0,O
,lead,0,O
,to,0,O
,self-destruction,0,O
,.,0,O
Sentence: 1,A,0,O
,Wolf,0,B-per
,had,0,O
,been,0,O
,gorging,0,O
,on,0,O
,an,0,O
,animal,0,O
,he,0,O
,had,0,O
,killed,0,O
,",",0,O
,when,0,O
,suddenly,0,O
,a,0,O
,small,0,O
,bone,0,O
,in,0,O
,the,0,O
,meat,0,O
,stuck,0,O
,in,0,O
,his,0,O
,throat,0,O
,and,0,O
,he,0,O
,could,0,O
,not,0,O
,swallow,0,O
,it,0,O
,.,0,O
Sentence: 2,He,0,O
,soon,0,O
,felt,0,O
,terrible,0,O
,pain,0,O
,in,0,O
,his,0,O
,throat,0,O
,",",0,O
,and,0,O
,ran,0,O
,up,0,O
,and,0,O
,down,0,O
,groaning,0,O
,and,0,O
,groaning,0,O
,and,0,O
,seeking,0,O
,for,0,O
,something,0,O
,to,0,O
,relieve,0,O
,the,0,O
,pain,0,O
,.,0,O
Sentence: 3,He,0,O
,tried,0,O
,to,0,O
,induce,0,O
,every,0,O
,one,0,O
,he,0,O
,met,0,O
,to,0,O
,remove,0,O
,the,0,O
,bone,0,O
,.,0,O
Sentence: 4,“,0,O
,I,0,O
,would,0,O
,give,0,O
,anything,0,O
,",",0,O
,”,0,O
,said,0,O
,he,0,O
,",",0,O
,“,0,O
,if,0,O
,you,0,O
,would,0,O
,take,0,O
,it,0,O
,out.,0,O
,”,0,O
,At,0,O
,last,0,O
,the,0,O
,Crane,0,B-per
,agreed,0,O
,to,0,O
,try,0,O
,",",0,O
,and,0,O
,told,0,O
,the,0,O
,Wolf,0,B-per
,to,0,O
,lie,0,O
,on,0,O
,his,0,O
,side,0,O
,and,0,O
,open,0,O
,his,0,O
,jaws,0,O
,as,0,O
,wide,0,O
,as,0,O
,he,0,O
,could,0,O
,.,0,O
Sentence: 5,Then,0,O
,the,0,O
,Crane,0,B-per
,put,0,O
,its,0,O
,long,0,O
,neck,0,O
,down,0,O
,the,0,O
,Wolf,0,B-per
,’,0,O
,s,0,O
,throat,0,O
,",",0,O
,and,0,O
,with,0,O
,its,0,O
,beak,0,O
,loosened,0,O
,the,0,O
,bone,0,O
,",",0,O
,till,0,O
,at,0,O
,last,0,O
,it,0,O
,got,0,O
,it,0,O
,out,0,O
,.,0,O
Sentence: 6,“,0,O
,Will,0,O
,you,0,O
,kindly,0,O
,give,0,O
,me,0,O
,the,0,O
,reward,0,O
,you,0,O
,promised,0,O
,?,0,O
,”,0,O
,said,0,O
,the,0,O
,Crane,0,B-per
,.,0,O
Sentence: 7,The,0,O
,Wolf,0,B-per
,grinned,0,O
,and,0,O
,showed,0,O
,his,0,O
,teeth,0,O
,and,0,O
,said,0,O
,:,0,O
,“,0,O
,Be,0,O
,content,0,O
,.,0,O
Sentence: 8,You,0,O
,have,0,O
,put,0,O
,your,0,O
,head,0,O
,inside,0,O
,a,0,O
,Wolf,0,B-per
,’,0,O
,s,0,O
,mouth,0,O
,and,0,O
,taken,0,O
,it,0,O
,out,0,O
,again,0,O
,in,0,O
,safety,0,O
,;,0,O
,that,0,O
,ought,0,O
,to,0,O
,be,0,O
,reward,0,O
,enough,0,O
,for,0,O
,you.,0,O
,”,0,O
,Gratitude,0,O
,and,0,O
,greed,0,O
,go,0,O
,not,0,O
,together,0,O
,.,0,O
Sentence: 1,It,0,O
,happened,0,O
,that,0,O
,a,0,O
,Dog,0,B-per
,had,0,O
,got,0,O
,a,0,O
,piece,0,O
,of,0,O
,meat,0,O
,and,0,O
,was,0,O
,carrying,0,O
,it,0,O
,home,0,O
,in,0,O
,his,0,O
,mouth,0,O
,to,0,O
,eat,0,O
,it,0,O
,in,0,O
,peace,0,O
,.,0,O
Sentence: 2,Now,0,O
,on,0,O
,his,0,O
,way,0,O
,home,0,O
,he,0,O
,had,0,O
,to,0,O
,cross,0,O
,a,0,O
,plank,0,O
,lying,0,O
,across,0,O
,a,0,O
,running,0,O
,brook,0,O
,.,0,O
Sentence: 3,As,0,O
,he,0,O
,crossed,0,O
,",",0,O
,he,0,O
,looked,0,O
,down,0,O
,and,0,O
,saw,0,O
,his,0,O
,own,0,O
,shadow,0,B-per
,reflected,0,O
,in,0,O
,the,0,O
,water,0,O
,beneath,0,O
,.,0,O
Sentence: 4,Thinking,0,O
,it,0,O
,was,0,O
,another,0,O
,dog,0,B-per
,with,0,O
,another,0,O
,piece,0,O
,of,0,O
,meat,0,O
,",",0,O
,he,0,O
,made,0,O
,up,0,O
,his,0,O
,mind,0,O
,to,0,O
,have,0,O
,that,0,O
,also,0,O
,.,0,O
Sentence: 5,So,0,O
,he,0,O
,made,0,O
,a,0,O
,snap,0,O
,at,0,O
,the,0,O
,shadow,0,B-per
,in,0,O
,the,0,O
,water,0,O
,",",0,O
,but,0,O
,as,0,O
,he,0,O
,opened,0,O
,his,0,O
,mouth,0,O
,the,0,O
,piece,0,O
,of,0,O
,meat,0,O
,fell,0,O
,out,0,O
,",",0,O
,dropped,0,O
,into,0,O
,the,0,O
,water,0,O
,and,0,O
,was,0,O
,never,0,O
,seen,0,O
,more,0,O
,.,0,O
Sentence: 6,Beware,0,O
,lest,0,O
,you,0,O
,lose,0,O
,the,0,O
,substance,0,O
,by,0,O
,grasping,0,O
,at,0,O
,the,0,O
,shadow,0,B-per
,.,0,O
Sentence: 1,A,0,O
,Farmer,0,B-per
,one,0,O
,day,0,O
,came,0,O
,to,0,O
,the,0,O
,stables,0,O
,to,0,O
,see,0,O
,to,0,O
,his,0,O
,beasts,0,O
,of,0,O
,burden,0,O
,:,0,O
,among,0,O
,them,0,O
,was,0,O
,his,0,O
,favourite,0,O
,Ass,0,B-per
,",",0,O
,that,0,O
,was,0,O
,always,0,O
,well,0,O
,fed,0,O
,and,0,O
,often,0,O
,carried,0,O
,his,0,O
,master,0,O
,.,0,O
Sentence: 2,With,0,O
,the,0,O
,Farmer,0,B-per
,came,0,O
,his,0,O
,Lapdog,0,B-per
,",",0,O
,who,0,O
,danced,0,O
,about,0,O
,and,0,O
,licked,0,O
,his,0,O
,hand,0,O
,and,0,O
,frisked,0,O
,about,0,O
,as,0,O
,happy,0,O
,as,0,O
,could,0,O
,be,0,O
,.,0,O
Sentence: 3,The,0,O
,Farmer,0,B-per
,felt,0,O
,in,0,O
,his,0,O
,pocket,0,O
,",",0,O
,gave,0,O
,the,0,O
,Lapdog,0,B-per
,some,0,O
,dainty,0,O
,food,0,O
,",",0,O
,and,0,O
,sat,0,O
,down,0,O
,while,0,O
,he,0,O
,gave,0,O
,his,0,O
,orders,0,O
,to,0,O
,his,0,O
,servants,0,B-per
,.,0,O
Sentence: 4,The,0,O
,Lapdog,0,B-per
,jumped,0,O
,into,0,O
,his,0,O
,master,0,O
,’,0,O
,s,0,O
,lap,0,O
,",",0,O
,and,0,O
,lay,0,O
,there,0,O
,blinking,0,O
,while,0,O
,the,0,O
,Farmer,0,B-per
,stroked,0,O
,his,0,O
,ears,0,O
,.,0,O
Sentence: 5,The,0,O
,Ass,0,B-per
,",",0,O
,seeing,0,O
,this,0,O
,",",0,O
,broke,0,O
,loose,0,O
,from,0,O
,his,0,O
,halter,0,O
,and,0,O
,commenced,0,O
,prancing,0,O
,about,0,O
,in,0,O
,imitation,0,O
,of,0,O
,the,0,O
,Lapdog,0,B-per
,.,0,O
Sentence: 6,The,0,O
,Farmer,0,B-per
,could,0,O
,not,0,O
,hold,0,O
,his,0,O
,sides,0,O
,with,0,O
,laughter,0,O
,",",0,O
,so,0,O
,the,0,O
,Ass,0,B-per
,went,0,O
,up,0,O
,to,0,O
,him,0,O
,",",0,O
,and,0,O
,putting,0,O
,his,0,O
,feet,0,O
,upon,0,O
,the,0,O
,Farmer,0,B-per
,’,0,O
,s,0,O
,shoulder,0,O
,attempted,0,O
,to,0,O
,climb,0,O
,into,0,O
,his,0,O
,lap,0,O
,.,0,O
Sentence: 7,The,0,O
,Farmer,0,B-per
,’,0,O
,s,0,O
,servants,0,B-per
,rushed,0,O
,up,0,O
,with,0,O
,sticks,0,O
,and,0,O
,pitchforks,0,O
,and,0,O
,soon,0,O
,taught,0,O
,the,0,O
,Ass,0,B-per
,that,0,O
,Clumsy,0,O
,jesting,0,O
,is,0,O
,no,0,O
,joke,0,O
,.,0,O
Sentence: 1,A,0,O
,Fisher,0,B-per
,once,0,O
,took,0,O
,his,0,O
,bagpipes,0,O
,to,0,O
,the,0,O
,bank,0,O
,of,0,O
,a,0,O
,river,0,O
,",",0,O
,and,0,O
,played,0,O
,upon,0,O
,them,0,O
,with,0,O
,the,0,O
,hope,0,O
,of,0,O
,making,0,O
,the,0,O
,fish,0,B-per
,rise,0,O
,;,0,O
,but,0,O
,never,0,O
,a,0,O
,one,0,O
,put,0,O
,his,0,O
,nose,0,O
,out,0,O
,of,0,O
,the,0,O
,water,0,O
,.,0,O
Sentence: 2,So,0,O
,he,0,O
,cast,0,O
,his,0,O
,net,0,O
,into,0,O
,the,0,O
,river,0,O
,and,0,O
,soon,0,O
,drew,0,O
,it,0,O
,forth,0,O
,filled,0,O
,with,0,O
,fish,0,B-per
,.,0,O
Sentence: 3,Then,0,O
,he,0,O
,took,0,O
,his,0,O
,bagpipes,0,O
,again,0,O
,",",0,O
,and,0,O
,",",0,O
,as,0,O
,he,0,O
,played,0,O
,",",0,O
,the,0,O
,fish,0,B-per
,leapt,0,O
,up,0,O
,in,0,O
,the,0,O
,net,0,O
,.,0,O
Sentence: 4,“,0,O
,Ah,0,O
,",",0,O
,you,0,O
,dance,0,O
,now,0,O
,when,0,O
,I,0,O
,play,0,O
,",",0,O
,”,0,O
,said,0,O
,he,0,O
,.,0,O
Sentence: 5,“,0,O
,Yes,0,O
,",",0,O
,”,0,O
,said,0,O
,an,0,O
,old,0,O
,Fish,0,B-per
,:,0,O
,“,0,O
,When,0,O
,you,0,O
,are,0,O
,in,0,O
,a,0,O
,man,0,O
,’,0,O
,s,0,O
,power,0,O
,you,0,O
,must,0,O
,do,0,O
,as,0,O
,he,0,O
,bids,0,O
,you,0,O
,.,0,O
,”,0,O
Sentence: 1,A,0,O
,Fox,0,B-per
,had,0,O
,by,0,O
,some,0,O
,means,0,O
,got,0,O
,into,0,O
,the,0,O
,store-room,0,O
,of,0,O
,a,0,O
,theatre,0,O
,.,0,O
Sentence: 2,Suddenly,0,O
,he,0,O
,observed,0,O
,a,0,O
,face,0,O
,glaring,0,O
,down,0,O
,on,0,O
,him,0,O
,and,0,O
,began,0,O
,to,0,O
,be,0,O
,very,0,O
,frightened,0,O
,;,0,O
,but,0,O
,looking,0,O
,more,0,O
,closely,0,O
,he,0,O
,found,0,O
,it,0,O
,was,0,O
,only,0,O
,a,0,O
,Mask,0,B-per
,such,0,O
,as,0,O
,actors,0,O
,use,0,O
,to,0,O
,put,0,O
,over,0,O
,their,0,O
,face,0,O
,.,0,O
Sentence: 3,“,0,O
,Ah,0,O
,",",0,O
,”,0,O
,said,0,O
,the,0,O
,Fox,0,B-per
,",",0,O
,“,0,O
,you,0,O
,look,0,O
,very,0,O
,fine,0,O
,;,0,O
,it,0,O
,is,0,O
,a,0,O
,pity,0,O
,you,0,O
,have,0,O
,not,0,O
,got,0,O
,any,0,O
,brains.,0,O
,”,0,O
,Outside,0,O
,show,0,O
,is,0,O
,a,0,O
,poor,0,O
,substitute,0,O
,for,0,O
,inner,0,O
,worth,0,O
,.,0,O
Sentence: 1,One,0,O
,day,0,O
,the,0,O
,Countrymen,0,B-per
,noticed,0,O
,that,0,O
,the,0,O
,Mountains,0,B-per
,were,0,O
,in,0,O
,labour,0,O
,;,0,O
,smoke,0,O
,came,0,O
,out,0,O
,of,0,O
,their,0,O
,summits,0,O
,",",0,O
,the,0,O
,earth,0,O
,was,0,O
,quaking,0,O
,at,0,O
,their,0,O
,feet,0,O
,",",0,O
,trees,0,O
,were,0,O
,crashing,0,O
,",",0,O
,and,0,O
,huge,0,O
,rocks,0,O
,were,0,O
,tumbling,0,O
,.,0,O
Sentence: 2,They,0,O
,felt,0,O
,sure,0,O
,that,0,O
,something,0,O
,horrible,0,O
,was,0,O
,going,0,O
,to,0,O
,happen,0,O
,.,0,O
Sentence: 3,They,0,O
,all,0,O
,gathered,0,O
,together,0,O
,in,0,O
,one,0,O
,place,0,O
,to,0,O
,see,0,O
,what,0,O
,terrible,0,O
,thing,0,O
,this,0,O
,could,0,O
,be,0,O
,.,0,O
Sentence: 4,They,0,O
,waited,0,O
,and,0,O
,they,0,O
,waited,0,O
,",",0,O
,but,0,O
,nothing,0,O
,came,0,O
,.,0,O
Sentence: 5,At,0,O
,last,0,O
,there,0,O
,was,0,O
,a,0,O
,still,0,O
,more,0,O
,violent,0,O
,earthquake,0,O
,",",0,O
,and,0,O
,a,0,O
,huge,0,O
,gap,0,O
,appeared,0,O
,in,0,O
,the,0,O
,side,0,O
,of,0,O
,the,0,O
,Mountains,0,B-per
,.,0,O
Sentence: 6,They,0,O
,all,0,O
,fell,0,O
,down,0,O
,upon,0,O
,their,0,O
,knees,0,O
,and,0,O
,waited,0,O
,.,0,O
Sentence: 7,At,0,O
,last,0,O
,",",0,O
,and,0,O
,at,0,O
,last,0,O
,",",0,O
,a,0,O
,teeny,0,O
,",",0,O
,tiny,0,O
,mouse,0,O
,poked,0,O
,its,0,O
,little,0,O
,head,0,O
,and,0,O
,bristles,0,O
,out,0,O
,of,0,O
,the,0,O
,gap,0,O
,and,0,O
,came,0,O
,running,0,O
,down,0,O
,towards,0,O
,them,0,O
,",",0,O
,and,0,O
,ever,0,O
,after,0,O
,they,0,O
,used,0,O
,to,0,O
,say,0,O
,:,0,O
,“,0,O
,Much,0,O
,outcry,0,O
,",",0,O
,little,0,O
,outcome,0,O
,.,0,O
,”,0,O
